"species","n_records","crop","countries","sites","sites2","abundance","temp.p90.kde","temp.p95.kde","temp.p99.kde","temp.max","prec.p01.kde","prec.p05.kde","prec.p10.kde","prec.min"
"Cardamine pratensis",14,FALSE,6,10,14,0.000480220140410067,14.892879930177,15.7844234489004,18.2807603790322,17.60000038,4.96457080358201,17.7553218817204,27.0264399090953,35
"Malus domestica",160,TRUE,17,132,160,0.00511734643797711,15.3574921175172,15.9988515912748,17.0889916481955,23.30000114,0.152041807654791,4.30436142555273,8.88895364306971,10
"Taraxacum officinale",202,FALSE,20,129,202,0.0106452265824894,15.3477890485136,16.3863668962468,18.5919392064126,19.89999962,0.00700809613099474,3.70007980955971,7.91137776651362,10
"Prunus avium",135,TRUE,19,113,135,0.00520201854586569,14.6596542903293,15.5459867975206,18.9919442944094,19.89999962,0.0815118016884593,4.01832621279432,8.43728827856827,10
"Sambucus racemosa",27,FALSE,7,25,27,0.00118862022872567,13.7214220870232,14.6283052142314,16.1152748722344,15.60000038,10.5,3.35377527219698,7.24133538144969,10.5
"Salix helvetica",19,FALSE,4,14,19,0.000789998599559139,18.8385513744488,19.5336371852872,20.5363017164151,19.70000076,7.65634429399172,27.235381447377,42.5983220313057,18.60000038
"Salix alba",169,FALSE,24,135,169,0.0103954875898279,16.0245979806603,17.3372664687655,24.251525509825,24.5,0.68575868978648,6.51143317536848,12.5876567139526,10.69999981
"Fagus sylvatica",34,FALSE,11,31,34,0.000833273962378174,14.9296993089806,15.4676510815006,16.4412347747457,15.40000057,2.61151007466948,12.4760594333221,20.7047076582742,14.30000019
"Chelidonium majus",275,FALSE,22,117,275,0.0096243488490143,21.0625098113105,22.523862236005,24.5785315991452,25.39999962,1.97164055361573,11.2836587597352,20.1203345308824,7.300000191
"Brassica rapa/napus/oleracea",612,TRUE,26,216,612,0.0732455699087592,18.416490249787,19.4092146265756,21.7038289590076,27.39999962,1.01208110351799,7.67665784635495,14.31142230543,5.200000286
"Plantago lanceolata",879,FALSE,25,232,879,0.0458930473349909,24.2020872507591,25.0467502667049,26.5224079308165,27.70000076,4.47185576525766,19.9484936831721,33.1265259872145,0.100000001
"Cardamine dentata",8,FALSE,4,6,8,0.000227619629800708,16.1955285109076,17.6090704283727,18.8596331861228,17.60000038,2.82742900863531,12.5848460800035,20.3008458679891,35
"Ranunculus sardous",162,FALSE,22,108,162,0.00560256858826432,20.4000776082036,21.6160936878173,23.8316193181737,23.39999962,2.03216965056672,11.4913367525405,20.513752546378,14.10000038
"Olea europaea",98,TRUE,11,60,98,0.00586336711542227,23.9998840067274,25.3474911176196,26.7853983507917,26,0.409985855194209,5.51761787186183,11.1791255291064,0.400000006
"Quercus pubescens",71,FALSE,13,59,71,0.0014500034537807,17.6291289517299,18.6036776321451,20.031230435739,24,2.23071959861044,11.9589367399955,20.8596409867592,3.400000095
"Quercus robur",125,FALSE,19,105,125,0.00421589056183786,15.415751493511,16.9447025103799,19.4663771239611,24,0.467728824125178,5.64191817568724,11.1657406784951,3.400000095
"Aesculus hippocastanum",159,FALSE,21,123,159,0.00433039632449585,16.7462130926933,17.4932042612441,18.9786053907573,20.10000038,1.00979423285529,7.71785696022034,14.4526349719733,11.30000019
"Caltha palustris",32,FALSE,10,23,32,0.00185807722766999,13.7490275013859,15.3369910501911,17.3144178468911,16.80000114,10,2.61220110955183,5.90736486247502,10
"Papaver rhoeas",413,FALSE,26,167,413,0.0235766231081254,22.834593237481,24.0115656790333,25.8825154052446,28.5,2.75845489207045,14.0524807615606,24.1860372845928,2
"Raphanus sativus",506,TRUE,26,198,506,0.0245392360531863,22.6205488515054,24.2460464360405,26.7264890901686,29.5,3.13837934224252,15.3544304830295,26.1792501362905,0
"Rhamnus cathartica x Rhamnus saxatilis",37,FALSE,14,34,37,0.00127523028645955,19.1070643697888,19.7152263472971,20.6993987483839,19.70000076,0.771752620396897,6.91098961149786,13.3685771598682,14.10000038
"Castanea sativa",219,FALSE,19,114,219,0.0249231177290127,23.1045529270364,24.2784444635282,26.5927623979408,27.70000076,2.32836690083995,12.6996840768557,22.6402901958505,1.100000024
"Angelica sylvestris",31,FALSE,9,21,31,0.00109216098307532,19.675932230253,22.5633089568337,24.8452635543055,24.70000076,19.6412489929003,43.7163980657584,60.1475965598285,51.60000229
"Trifolium repens",731,FALSE,25,224,731,0.0276294340342943,22.8403338367337,23.9899063613648,25.6352195950968,26.5,4.59937488558468,20.0260644827967,33.3709967841608,0.100000001
"Alopecurus pratensis",46,FALSE,9,34,46,0.00112383166821099,18.8002985884935,19.5225999535739,20.6299401888245,20,1.3686095485285,9.10244610383035,16.7716244251857,14.69999981
"Achillea millefolium",114,FALSE,15,63,114,0.00374027934953903,22.9871631930773,23.8483752580484,25.0174790072885,24.5,10.6149331113404,30.0984519978844,42.736022838077,18.10000038
"Allium ursinum",18,FALSE,8,17,18,0.000845061891328642,16.5560784539763,17.2437866797877,18.3613900405711,17.30000114,5.29361230064419,20.4431347180378,32.1907019964309,22.89999962
"Ilex aquifolium",55,FALSE,10,38,55,0.00157786315320686,20.3141517088538,21.13398892796,22.3046845770838,21.20000076,2.2011651181109,11.2246587567926,18.91707514523,17.10000038
"Fraxinus ornus",75,FALSE,14,59,75,0.00520948160640699,17.6850682790905,18.3490440062425,22.9472736869529,24.39999962,5.09808286606882,19.0351256027841,29.4449755181686,22.89999962
"Acer pseudoplatanus",233,FALSE,18,132,233,0.00849223894727738,17.4692636948518,18.5899018369569,20.1148339080581,21.30000114,1.51098384503879,9.31618354441916,16.5615040477815,12.90000057
"Ranunculus acris",68,FALSE,16,46,68,0.00153700781321283,19.7556987078162,20.7085568506887,23.4184155451912,23.60000038,3.84305975629809,16.6469928822219,27.4533189852991,17.10000038
"Syringa vulgaris",74,FALSE,15,66,74,0.00206624152456068,16.5345265704061,17.1967977877552,18.3896379395284,17.89999962,0.230960599595888,4.65562992022434,9.52442415551087,11.30000019
"Ranunculus bulbosus",43,FALSE,11,32,43,0.000705231533221182,17.2700865928861,18.2654956624643,24.1637254070166,24.5,5.55213885803034,20.6672706619557,32.0083788437648,14.69999981
"Tragopogon pratensis",10,FALSE,6,8,10,0.000208696798122987,21.4463946783075,22.3615784093099,23.6368678845562,22.70000076,21.1307875795814,45.3994026379136,59.9141235529899,51
"Trifolium incarnatum",63,FALSE,12,45,63,0.00332700062134763,20.4973994395664,21.4428624498946,23.4119066878053,24.39999962,5.79952576392506,20.8606089460317,32.0428039580144,26.60000038
"Crataegus monogyna x Crataegus punctata",216,FALSE,22,163,216,0.00933725615747849,17.2107053818929,17.9311689116214,19.8032102728782,24.39999962,1.3697817333747,8.79980160008888,15.7206244148831,13.19999981
"Cotinus coggygria",13,FALSE,6,12,13,0.000429143094859576,19.9517213218163,20.4600513021483,21.312566227219,19.70000076,1.18665934549245,8.39417801673022,15.6309038536559,23.10000038
"Sambucus nigra",142,FALSE,22,113,142,0.00482849619126752,20.3974716014806,21.0025946183625,22.0870478276015,21.39999962,1.51772309238201,9.33153232132279,16.5906511135004,16.30000114
"Rumex graminifolius",83,FALSE,19,46,83,0.00401618753396427,21.2890527427538,23.0820922091414,25.0303414180011,25.10000038,3.64051372839737,16.3674492852003,27.3554704475732,22
"Helianthemum nummularium",38,FALSE,9,19,38,0.000862751079212122,20.2380381151379,21.2302988289632,22.6479873203802,22.20000076,11.4385348073895,32.3069248743785,47.3054593609152,35
"Reseda lutea",105,FALSE,18,51,105,0.00445165735444214,24.0966514116502,25.1016845155278,26.495954709673,25.89999962,2.62071296561738,13.4299788501038,23.233411884509,13.69999981
"Sinapis alba",190,FALSE,20,90,190,0.0114711826761923,22.5472193468519,24.2150468175656,28.6994115136262,28.5,4.14063527265378,18.7894515894099,30.9551465586791,0.100000001
"Actinidia chinensis",17,TRUE,8,14,17,0.000721496552334945,21.0724741399023,21.8084293279949,23.0217244929339,22.10000038,5.6574648996655,20.0829388047099,30.6946359524442,31.30000114
"Robinia pseudoacacia",76,FALSE,14,65,76,0.00345374008904046,19.8993860388095,20.8703488511735,22.2105130640233,22.10000038,5.03362665671677,19.8616952229182,31.5528288152788,22.89999962
"Phacelia tanacetifolia",230,FALSE,18,96,230,0.0148703073721288,21.0374235110559,21.7250891874183,23.1112337227564,24.70000076,4.73513730168378,19.2858258725543,31.018509091356,14.69999981
"Trifolium pratense",185,FALSE,21,88,185,0.010331921529291,21.4175824474655,22.3564331984658,23.9021649759649,23.5,13.6876430770848,41.5458912185358,58.5468920698021,16.30000114
"Viburnum rhytidophyllum",25,FALSE,6,19,25,0.000461825995135464,18.6809965465182,19.4269279282211,20.6434550707911,20,2.48940056490666,12.7935046673028,22.0841704234486,14.30000019
"Rosa canina",264,FALSE,25,153,264,0.00820303564152153,20.8692699981301,21.7628610411224,23.7230011693115,25.39999962,1.99225690017452,11.052141173941,19.3308700837284,3.400000095
"Trifolium alexandrinum",14,FALSE,4,9,14,0.000463745884719783,24.8341184591939,25.3639744392355,26.2999369191925,24.89999962,3.9295786448501,20.6792869424197,37.177597849095,10.5
"Hypochaeris radicata",171,FALSE,19,81,171,0.00454640674253687,20.6528219971802,21.5845312958142,24.7581147114949,25.70000076,5.4902621731346,20.4738446747171,31.8530780025321,10.60000038
"Aesculus pavia",16,FALSE,4,14,16,0.000316174548536524,16.9492488404562,17.414925456218,18.2635766340535,16.80000114,1.32377374542563,8.74400383846548,15.8472165501094,21.30000114
"Clematis vitalba",333,FALSE,22,122,333,0.0162316571050386,25.2566145831194,25.9505581203881,27.0744515297532,27.70000076,2.44997887823207,13.369506435979,23.9067150610431,0.300000012
"Cercis siliquastrum",6,FALSE,2,5,6,8.31684867474591e-05,16.4614347599658,16.8585855705766,17.584624764218,15.60000038,5.84253743302446,20.3352187451171,31.058234688928,38.5
"Tamarix ramosissima",6,FALSE,3,5,6,0.00024808446145878,21.9580432993288,22.8000023905664,23.9014177556306,22.5,4.15742825501129,15.6144801748653,23.9883943436394,47.79999924
"Berberis vulgaris",9,FALSE,6,9,9,0.00029805889547245,14.4427585969769,14.8843299287952,15.6737817402216,13.80000019,4.75833063577764,18.1804701265137,28.294707595362,17.10000038
"Cornus sanguinea",103,FALSE,17,88,103,0.00326215265710165,20.35957954445,20.9745561419915,22.0023996440287,21.39999962,3.82463427338426,16.6635591322175,27.4014551229243,23.80000114
"Vicia faba",104,TRUE,16,58,104,0.0084005219815918,18.8696955980304,19.7564632498014,21.4426382967297,24,1.40277004870445,9.02983146142565,16.285722502148,17.10000038
"Hypericum perforatum",230,FALSE,23,119,230,0.00581925439074781,25.1618898885907,26.2204079216396,28.1015973652005,27.70000076,1.83856118699758,11.5090560521688,21.5799420641144,0
"Matricaria chamomilla",31,FALSE,10,22,31,0.00115131169307148,21.0311961767856,21.6528685700868,22.7033750140523,21.89999962,1.71981091916908,10.3934207692202,18.7756551922162,22
"Centaurea cyanus",250,FALSE,19,80,250,0.0168915753118562,21.2200756415907,22.3124715264237,25.4820652734027,25.39999962,3.28350468629295,15.4093960775169,25.8478050057784,4.5
"Photinia spc",10,FALSE,5,9,10,0.000157487452825268,17.4778138421017,17.9713101964795,18.8260779553089,17.5,5.27226371718425,18.3521524089001,27.6314504977496,42.40000153
"Echium vulgare",110,FALSE,20,68,110,0.00409880540926688,23.2544119067892,24.0909815205629,25.7572703310565,27.20000076,1.83573752870861,11.2399890205786,20.6798182482206,2.299999952
"Plantago media",136,FALSE,17,58,136,0.00426340079109791,22.634100250568,23.4808938407017,25.099689344386,25.60000038,10.5878401133133,33.5636356258528,49.3157562429624,13.60000038
"Arrhenatherum elatius",11,FALSE,6,11,11,0.000172452855521482,21.3013344167506,21.8468632609034,22.8543442056241,21.89999962,7.3446304729716,25.1118216105822,37.4078429944431,28.5
"Sisymbrium loeselii",9,FALSE,3,6,9,0.000291837094009795,22.0596395061204,22.7207484680933,23.7813840202412,22.5,7.9991632670536,22.6469718885457,32.0078722027582,54.10000229
"Juniperus sabina",9,FALSE,3,5,9,0.000121976134271139,19.8724839013986,20.3155439605904,21.1204493186657,19.30000114,24.2611472131335,43.4671505605839,54.0375719313401,53.90000153
"Melilotus albus",142,FALSE,21,82,142,0.00372947489095931,23.113645951217,23.9607967198414,25.2315083572331,27.70000076,7.55385280812105,25.4010886057564,38.0572523006239,14
"Lythrum salicaria",127,FALSE,23,73,127,0.00382116135446668,25.2030573503053,25.8755294895294,26.9642845588356,26.39999962,3.73281255103169,19.2973169597318,35.0635444894718,0.100000001
"Trifolium hybridum",168,FALSE,18,74,168,0.00732808009165809,19.790132373674,21.0705955414933,22.9978441547925,23.60000038,13.453695951754,41.0379645429856,60.8766382611974,14.60000038
"Lycium barbarum",46,FALSE,9,26,46,0.000857553105724582,25.6868789303322,26.231450429632,27.1239563729493,25.60000038,0.69128152885116,6.75225589819702,13.4527749288349,0.699999988
"Filipendula ulmaria",175,FALSE,19,93,175,0.00803147194470596,19.8693727653012,20.7642368608386,22.1907221110538,22.70000076,16.9559250204471,41.7252774318702,57.123513695078,15.80000019
"Quercus rubra",52,FALSE,13,46,52,0.00107623178990715,15.8223545238223,16.6537787356086,18.1546814342909,18.89999962,0.751824185624491,6.74136483499053,12.8944672653479,10
"Centaurea nigrescens",150,FALSE,11,71,150,0.00408620676240281,23.5295399628747,24.3601548269823,25.6263675759889,25.60000038,11.1608178303278,31.9688940602067,45.6169678114078,24.30000114
"Hydrangea macrophylla",58,FALSE,12,35,58,0.00186751718021722,20.3265842755004,21.1616556571908,22.6205279970499,22.5,28.2009988342179,56.1061970998923,69.9990279339093,23.70000076
"Chenopodium album",154,FALSE,20,96,154,0.00488361751473117,25.5812700146133,26.324047892586,30.3750113119687,30.5,1.67395555458768,10.7155817709435,19.9930201215386,1.300000072
"Cichorium intybus",123,TRUE,14,68,123,0.00318670286312984,26.84052418823,27.5676154246647,28.6635774444524,27.70000076,0.122184890649704,4.25317327624766,8.97045788058608,0
"Anemone tomentosa",47,FALSE,11,30,47,0.000897550187813179,20.4054741167759,21.4858847779346,23.3251710093395,23.30000114,37.0759266161582,56.2945097672371,66.8147472727638,82.09999847
"Diplotaxis tenuifolia",88,FALSE,13,35,88,0.00338906726733759,28.1587616762374,28.7482731126886,29.7301052170785,28.5,0.101189370227934,4.33984753412169,9.58469805264586,0
"Trifolium resupinatum",21,FALSE,8,15,21,0.000573642888182889,21.6391362792889,22.2854987449742,23.7883338894192,24.5,5.71252808613017,21.5542214837456,34.0768628070984,22.60000038
"Rubus idaeus",658,TRUE,27,239,658,0.0287869842011651,24.2075086170016,25.7911490323928,28.2986592013574,30.10000038,1.04190964600126,8.08948060743321,15.4764997854339,0.100000001
"Lotus tenuis",108,FALSE,17,63,108,0.0034924534913385,24.1068273910801,25.4333057488402,27.3972505185692,26.60000038,2.38965993201324,13.6581671909682,25.1411518984008,2
"Hydrangea paniculata",94,FALSE,15,52,94,0.00420639343982061,20.9336530451379,21.5852954877332,22.7033669178334,22.5,17.8936140803496,41.7349486285715,56.3459412749193,29.80000114
"Convolvulus arvensis",87,FALSE,17,53,87,0.00150309438576267,26.7881345068098,27.6193748642146,28.8651501123515,28.5,0.230974615932984,4.89479760268893,10.4777540202958,0
"Tilia cordata",116,FALSE,17,76,116,0.00331811771683527,23.29149216032,24.3539578086845,25.7019520261206,25.39999962,3.9720495983701,17.0173895864532,27.8425763461883,18.10000038
"Buddleja davidii",123,FALSE,13,65,123,0.0028098300377861,22.0473655746874,23.4645562198322,25.1598813817385,24.60000038,20.8711311136353,43.6723246429134,56.7197922159562,35.20000076
"Anemone hupehensis",124,FALSE,16,65,124,0.00392678833312485,20.2798212514962,21.028825177078,22.6848344908695,23.39999962,36.1243386448673,57.013158628454,68.3245396577899,64.09999847
"Helianthus annuus",244,TRUE,22,109,244,0.0141157982858157,25.9186588050391,26.5310885416863,27.7372803176463,27.70000076,1.06847838229884,8.48025895318959,16.636249371352,0
"Tilia platyphyllos",13,FALSE,5,9,13,0.00021951757846849,19.7292879433,20.2149444289396,21.0524529210057,19.30000114,2.83981970479548,15.5989344877178,29.8810534461038,18.10000038
"Rubus constrictus",8,FALSE,2,6,8,7.35463392496511e-05,21.8020051984875,24.244848394915,25.7693934075785,24.70000076,15.9469573717504,32.9907109631237,42.5503295622318,55.20000076
"Rubus ulmifolius x Rubus caesius",216,FALSE,21,96,216,0.00408176988954609,24.2663458456021,24.9399319976418,26.3629494033326,28.5,4.65660014072418,20.8443529798146,35.4294040108891,0.100000001
"Impatiens glandulifera",74,FALSE,15,39,74,0.00471444023634526,22.433435543805,23.0991289011866,24.1851373622015,23.20000076,40.343041300127,63.6713698657958,77.1672562530895,53.90000153
"Carduus acanthoides",107,FALSE,14,47,107,0.00207231192474319,24.8716341076971,25.3918627435745,26.2885032584224,25.39999962,8.53230128237951,27.3934619619522,39.5937541013022,17.20000076
"Zea mays",149,TRUE,17,88,149,0.0038628247286914,25.6496618749112,26.5096095342361,27.7677053570208,27.10000038,2.32817189425568,13.725458235038,25.7409359496017,1.800000072
"Lagerstroemia spc",14,FALSE,3,8,14,0.000397650097441374,27.074431945276,28.9414086052457,30.5174978309625,29.5,2.100000143,2.85410793338499,6.34950500051968,2.100000143
"Cirsium arvense",68,FALSE,15,46,68,0.00101354878533573,23.789926822179,24.6603660103792,25.8453343982943,25.39999962,7.25571020445868,26.9524074518655,42.1750533481083,16.20000076
"Salix triandra",35,FALSE,13,27,35,0.000855392922828353,21.302375671523,22.5523718658006,24.7550376063937,24.70000076,0.606100615240464,6.26526501075833,12.3288099380579,10.5
"Carum carvi",17,FALSE,6,11,17,0.00146752934055806,18.4723314267371,19.0149320065046,20.030563594961,19.70000076,1.32895528388629,8.8568978829448,16.1321761990738,14.69999981
"Verbascum thapsus",99,FALSE,14,47,99,0.00292913591797533,26.2358395559421,27.204962897858,29.180898749452,29.70000076,0.140694912341751,4.54257460414451,9.9823134678158,0
"Anthriscus sylvestris",42,FALSE,13,38,42,0.0019965191537475,18.0539343772052,18.6550528808502,19.7599177870057,19.20000076,0.828662388981618,6.95140876499528,13.102922320808,14.69999981
"Hypochaeris glabra",15,FALSE,4,9,15,0.000283190707735091,24.164752571903,24.6790839942312,25.5278143126503,23.70000076,16.7742479302725,44.1468764938548,64.146145743617,44.29999924
"Ligustrum ovalifolium",89,FALSE,16,66,89,0.00260970544630515,22.5993709274957,25.0535387945272,29.9201749577655,29.5,1.65714169480642,10.3144377940022,18.8349504049228,2.100000143
"Leontodon hispidus",65,FALSE,9,32,65,0.00163231296609527,21.43834845514,22.2382775019982,23.6764198187855,23.39999962,30.6048523336794,58.3049135320916,72.2666720952118,33.29999924
"Knautia arvensis",25,FALSE,4,12,25,0.000249838700977212,23.8722232391776,24.5075973263367,25.5537327881437,24.70000076,29.1896620687019,50.4611197800605,62.3742209536521,64.90000153
"Aegopodium podagraria",84,FALSE,16,65,84,0.00357800381668889,19.3387039912477,20.121226429407,21.3660445886349,20.70000076,1.38254041213756,8.98698069044793,16.2817998301964,14.69999981
"Lolium remotum",7,FALSE,4,7,7,6.06381994677934e-05,21.189888602817,21.6800558017773,22.5379839748483,21.10000038,12.2056100900062,30.4628944393371,41.821458009791,51.70000076
"Carduus crispus",55,FALSE,12,33,55,0.000971664417823441,24.9920130148822,25.6117787141762,26.5789253952076,25.5,6.48907890563496,23.4202435983524,35.2333262891576,12.60000038
"Dactylis glomerata",68,FALSE,19,58,68,0.00203642230373752,21.6778894098608,22.6800899104738,24.7757038623498,24.39999962,2.36468642511464,12.826660520422,22.7382193400526,6.700000286
"Amorpha fruticosa",53,FALSE,9,39,53,0.0029080391889584,22.7039416575931,23.3192339048704,24.6280316541071,25.89999962,4.24666304683819,18.2027191292329,29.8289028319134,15.5
"Leucanthemum vulgare",15,FALSE,9,13,15,0.000402471249384682,20.9024801458199,21.7187899411768,23.717977166667,24.5,3.78290537625547,16.1852718761971,26.2148423355323,26.10000038
"Crepis biennis",93,FALSE,11,41,93,0.00324695067582792,21.5920031909474,22.3536226326608,23.6458787675448,23.20000076,15.7027040321778,39.0897268196932,53.5394170263833,31.30000114
"Rumex pulcher",12,FALSE,6,12,12,0.000126934460355086,22.6878190394403,24.8660375016995,26.1918427372859,25,3.5439424913174,16.263395692303,27.586371723439,24.20000076
"Silene chalcedonica",20,FALSE,6,16,20,0.000419005557159855,20.6252363948945,21.5817706477007,23.3572929773808,22.70000076,8.2568089519259,25.990589917713,39.4551325114766,40.40000153
"Paeonia officinalis",7,FALSE,4,7,7,0.000175236716607274,21.1733568453217,21.6580676398057,22.4802966177136,20.60000038,4.69473463946947,20.6495526022119,34.7898546067544,22.89999962
"Lolium perenne",75,FALSE,13,58,75,0.00132602996990308,21.4622855090077,22.1091411229746,23.3279500367858,23.20000076,5.90854513362038,23.1156735588569,36.6776345530958,19.70000076
"Convallaria majalis",7,FALSE,4,7,7,0.000183703744891201,16.6100268336163,17.0245157858267,17.7797910744269,16,0.492211618879296,5.59755258082426,10.82599004041,16.39999962
"Crepis nicaeensis",35,FALSE,6,20,35,0.000253256324000488,21.7074133328962,22.4319476931206,23.6578663125849,22.70000076,22.171729680046,44.7208038363035,57.2425872543353,35.10000229
"Gleditsia triacanthos",27,FALSE,7,25,27,0.000325088684084275,21.1267229316543,21.7578763470625,22.789024883231,21.70000076,2.68830828983023,13.4464667454371,23.1565885073422,23.70000076
"Anthemis arvensis",21,FALSE,8,15,21,0.000920473020594147,20.1529598216483,20.8341189590189,22.1365018378574,21.39999962,5.70781572765987,19.3171347605719,28.5925371949312,23.10000038
"Fagopyrum esculentum",150,FALSE,12,58,150,0.0112428131196189,21.721611388624,22.413111900989,23.8509986244717,24.89999962,12.3518415211938,31.060929952543,42.6431215301085,15.80000019
"Rubus armeniacus",55,FALSE,7,31,55,0.0009591765545773,20.5536224247908,21.0873614617389,22.0179119675055,20.89999962,0.346484091027607,5.0527772503687,10.0253064678564,21.30000114
"Lolium multiflorum",49,FALSE,8,31,49,0.000714897029761038,22.6543174248167,23.7630989316295,25.4809034208394,24.89999962,7.52907857328277,25.4740022471401,38.3331809256556,19.10000038
"Potentilla reptans",84,FALSE,17,54,84,0.00192639978056442,21.7067858406753,22.5961923455547,24.2565577072626,24.39999962,2.30187944915475,12.2201059645396,21.2572411431888,18.10000038
"Spiraea japonica",32,FALSE,8,23,32,0.00062663014749091,21.2897421849582,21.8358598074224,22.7521758023411,21.30000114,3.81670734409152,16.5123350524739,26.9527025018245,22
"Parthenocissus vitacea",43,FALSE,7,28,43,0.00126066441639864,20.7517207245855,21.5700872139682,23.1217633637796,22.89999962,5.31017187306712,19.1993239394603,29.5837174223624,31.80000114
"Rumex spc",6,FALSE,3,5,6,8.95338297292055e-05,22.0954929328702,23.7276457065472,25.8744205914321,25.10000038,3.17395067680529,14.0654268551083,22.8176501993405,22
"Galeopsis tetrahit",22,FALSE,6,16,22,0.000396982030601791,21.8219317752064,22.2905218437718,23.1129068759901,21.5,32.6287509679755,54.0235182941233,66.5543732198571,73.20000458
"Ligustrum vulgare",9,FALSE,6,7,9,0.000112978617198818,21.3904964005581,22.0414262940359,23.002683521562,21.39999962,1.99932414881791,11.2682631561266,19.9691819049424,21.30000114
"Rubus kuleszae",12,FALSE,4,10,12,0.000118012488429439,21.3362977617764,21.7871865893233,22.5905786349536,20.89999962,0.844559906803552,7.02812719805874,13.2905186255412,22
"Heracleum sphondylium",48,FALSE,11,33,48,0.00153028292790625,19.732793870658,20.307662302328,22.0037971547662,23.80000114,13.1305868876444,33.930398780861,47.0931162304218,23.70000076
"Delosperma cooperi",10,FALSE,5,8,10,0.000251738456210337,23.8977012583884,24.358133496528,25.1616952036823,23.30000114,9.11556300537151,26.3271082365939,37.9402638000336,46
"Onobrychis montana",26,FALSE,7,18,26,0.000737940833802682,23.337891781774,24.22155104008,25.4221398018789,24.39999962,2.311178929825,11.9198988556438,20.3607506212263,24.20000076
"Geum rivale",12,FALSE,6,9,12,0.000161088231463444,17.3534728410221,17.8320612902434,18.665356648358,16.89999962,0.154500911170711,4.2636506039098,8.71979889674079,10
"Asparagus officinalis",35,TRUE,10,21,35,0.00123794751716957,22.2763565685259,23.4715233322721,25.9670048455818,25.39999962,1.3243222123064,8.99114934148618,16.6136166930738,4.5
"Glycine max",7,TRUE,5,6,7,0.000174826602278445,24.9622635906433,25.3790307537336,26.142328812506,24.5,33.3023504131349,54.1649157616809,65.480852175865,68.20000458
"Lotus corniculatus",57,FALSE,10,29,57,0.000642565158702587,23.1482209379489,23.8755670195954,24.9870900781033,24.30000114,11.9037803772417,34.0389577189757,47.8434131193553,25.5
"Centaurea phrygia",27,FALSE,7,19,27,0.000242089814924178,21.1549889167516,21.8901071861435,23.1309252064414,22.60000038,30.9015255113018,56.0802350386277,68.7788148133837,46.90000153
"Onobrychis viciifolia",21,FALSE,8,14,21,0.000748196238931148,23.4733958739136,24.0842548774818,25.0799939217079,24.39999962,6.66211426193895,21.9689934607443,32.2764014129458,24.39999962
"Pimpinella major",7,FALSE,2,4,7,0.000219740851452966,22.1139370184291,22.8290140061529,23.9740128368716,22.70000076,81.7532049048235,99.9349755325408,109.900996870767,136.6000061
"Scorzoneroides autumnalis",143,FALSE,17,73,143,0.00379567032417797,20.8087560311516,21.4089929446847,22.4169907178153,21.5,31.7883052090596,56.4510107554376,70.2748450837353,28
"Plantago major",69,FALSE,20,50,69,0.000972093143464534,23.2465210467949,24.2345370556263,25.6272037332566,24.89999962,5.61009452303091,23.9245996524803,38.9332043021806,1.100000024
"Solanum nigrumamericanum",33,FALSE,9,20,33,0.000595391464890111,25.0657410743822,25.7370934211785,26.7631923150537,25.89999962,2.14623667250161,15.24072219327,37.2774914146022,0
"Hedera helix",73,FALSE,13,55,73,0.00330894788233527,24.8488725173459,25.56585112482,26.7149287615772,25.70000076,6.16758690745059,27.8433859174104,45.5753233990041,1.100000024
"Salvia glutinosa",11,FALSE,5,9,11,0.00100365600217658,20.9057477182053,21.3978049436292,22.2989347647493,20.89999962,42.96601617057,67.0212832348728,83.4586854487061,82
"Solidago canadensis",64,FALSE,14,46,64,0.00169806466493193,22.420258646448,23.1647229050393,24.786052469064,25.60000038,21.0243113849214,44.5749218820136,58.238545891808,36.29999924
"Hypericum maculatum",107,FALSE,16,52,107,0.00358630577591566,20.0128005414037,20.7047713684363,21.9702558194296,21.30000114,17.9731015238589,43.9989430603969,58.6843970800393,25.39999962
"Artemisia vulgaris",98,FALSE,18,76,98,0.00414841406796095,24.6784830128523,25.5903989724422,26.8591778321061,27,4.46444576464881,20.7988196617591,36.234351219571,0.800000012
"Styphnolobium japonicum",21,FALSE,6,14,21,0.000949863476045701,26.5185279957575,26.9644309629435,27.7615062327987,26,0.100000001,3.45346486426032,7.57825842971825,0.100000001
"Eupatorium cannabinum",94,FALSE,18,59,94,0.00200117971757814,24.0047303061556,25.2039824875163,26.6136103414603,25.70000076,8.46051645901431,32.9314982543674,54.1667313357699,19.10000038
"Mercurialis annua",54,FALSE,10,30,54,0.002494986366749,22.4105997043582,23.0231908312724,24.0862003638724,24,10.5084949042133,27.9730600685767,39.0455134397475,39.79999924
"Calluna vulgaris",91,FALSE,16,50,91,0.00579040085840836,22.0574490992826,23.0178106241257,25.3355372775352,25.89999962,2.72783686006714,17.5262981630386,37.250378131774,0.100000001
"Melampyrum pratense",8,FALSE,4,5,8,0.000774167298916626,20.5419857810618,21.1323828561992,22.3725170070269,21.5,31.8043303989929,52.807413836779,65.2076727933878,76.80000305
"Picris hieracioides",85,FALSE,15,52,85,0.00165456259784996,24.9202089751499,25.5917170115598,26.7044940529616,25.70000076,4.39104269034481,18.8394117605877,30.9486018866091,10.60000038
"Hydrangea sargentiana",6,FALSE,4,5,6,0.000327861374076503,22.4191938645753,23.1033526938689,24.0815903270069,22.5,43.7449569700246,66.6831424846734,80.6161474240605,82.09999847
"Falcaria vulgaris",9,FALSE,3,5,9,0.000190075739882048,25.8939320349653,26.3376550757077,27.1401766179321,25.39999962,1.82536007704113,10.6816614076844,19.1687501242545,24.30000114
"Solidago gigantea",119,FALSE,13,60,119,0.00400515952177604,23.9645763193003,24.6262994458092,25.8627582929171,25.60000038,14.9097001751879,35.1481465555453,47.0681608628057,22
"Humulus lupulus",21,TRUE,10,20,21,0.000519635108561161,23.2827381607985,24.648967059012,25.9833518786364,24.80000114,18.2661835342494,40.3735289477718,53.6161819787008,52
"Solidago virgaurea",26,FALSE,8,18,26,0.000546147485707776,20.7537198768495,21.4885353027821,22.5331420666239,21.20000076,44.6114239746782,66.1407746348927,78.3916531223052,76.09999847
"Galeopsis bifida",12,FALSE,4,8,12,0.000331894761813834,20.1439012667771,20.9363979983952,22.1846509597053,21.5,58.2998673762735,79.0126459023816,90.8877744753453,97.09999847
"Sorghum bicolor",50,TRUE,10,34,50,0.00135302509720034,25.9870058405342,26.508756928694,27.5148597697878,27.10000038,1.74810154713422,11.2571178709454,21.3196541082224,0
"Hydrangea arborescens",11,FALSE,5,9,11,0.000548965566093937,22.506179979924,23.1584152359652,24.1174505578875,22.5,39.9774158035608,65.0954499436496,77.9070896771927,62
"Crepis foetida",40,FALSE,9,20,40,0.000706407335539447,25.3857124550464,25.8753266402982,26.7312430610334,25.60000038,1.75448900831773,10.6405953132654,19.3515286146836,12.60000038
"Chenopodium ficifolium",26,FALSE,9,20,26,0.000241856365305637,24.0019737168366,24.8922060551945,26.0277880231799,25,9.17968104533094,29.9089960112922,44.385669038923,17.20000076
"Arctium lappaceum",6,FALSE,4,6,6,7.46998021723383e-05,21.9384811550764,22.3297082457581,23.0539973759348,21.10000038,8.78109725937424,25.4811256603707,36.6823803961936,39.79999924
"Tropaeolum majus",22,FALSE,9,16,22,0.00129276355630989,20.614147630501,21.2286662222135,22.3048430585121,21.20000076,0.424586503644204,5.67412242197569,11.7096920853589,12.5
"Bassia scoparia",8,FALSE,4,6,8,0.000177522358137852,27.0474548642929,27.5347425968354,28.3744037444728,26.60000038,0.22801179230178,4.74481786153645,9.91664185106457,12.60000038
"Buphthalmum salicifolium",7,FALSE,2,3,7,0.00021693702696526,21.0624276096774,21.7859196800817,24.0998746824104,23.80000114,70.9490581292183,92.0019690706191,102.270942915738,91.70000458
"Salix pentandra",113,FALSE,11,68,113,0.00526068203620758,17.8120582871219,18.6884348258214,20.2587377778785,19.89999962,0.113334883864803,4.14079845265682,8.61827765464293,10.30000019
"Salix purpurea",9,FALSE,2,9,9,0.000325498907128473,14.9684835757622,15.356643804332,16.0774479142387,14.10000038,2.16609804643066,10.6776435955238,17.6180450030365,40.40000153
"Resedaceae spc",10,FALSE,4,6,10,0.000271727434669598,27.4748775480086,27.8822552894249,28.6160122767917,26.5,12.90000057,2.54111034074574,5.84274481115539,12.90000057
"Cytisus scoparius",42,FALSE,12,26,42,0.00154415497945327,20.352336269071,21.2256866582498,23.3836865579359,23.20000076,2.62260873867917,12.8787828438065,21.7330866042682,14.10000038
"Salix repens",47,FALSE,12,32,47,0.00176359270697975,15.1867874308492,16.218629440452,17.6758116917494,17.5,0.723419323836713,6.59087312169837,12.5774514077692,12
"Borago officinalis",18,FALSE,9,15,18,0.000573981200587017,20.5335380187517,21.3392678561934,23.2131984986466,23.30000114,3.45895599799474,15.8138416289823,26.4589267678762,12.5
"Sorbus aucuparia",96,FALSE,13,74,96,0.00264125909593638,16.6851249867616,17.3532722639016,18.515841449901,19.20000076,0.270415725312364,4.7772688544202,9.6213969355749,12.19999981
"Rumex acetosa",83,FALSE,14,41,83,0.00490879364459971,21.0465306267206,21.6893140793995,22.8135049522069,23.20000076,4.03582792274541,17.0542879488565,27.6552773053437,7.5
"Bellis perennis",21,FALSE,8,17,21,0.000590657116190187,19.4031978134049,20.0633027565725,21.0827723905884,19.70000076,0.100586206173627,4.10938984643846,8.61591285805916,10
"Viburnum opulus",10,FALSE,5,10,10,0.000201078348744473,18.8933362235125,19.4428322698141,20.4670903188368,19.5,1.72524878043538,9.88002699860558,17.2411613218995,29.80000114
"Sorbus hibernica",16,FALSE,5,14,16,0.000289868309157956,18.8487698093454,20.2847850114325,21.5481555657503,20.30000114,0.599529853232481,5.97140902479885,11.3435958202651,20.89999962
"Prunus serotina",35,FALSE,6,29,35,0.00167533279364727,20.181386844717,20.6161414316122,21.4026030843176,19.70000076,1.15856274464366,8.02524141488295,14.5477555694411,23.70000076
"Photinia serratifolia",14,FALSE,4,13,14,0.000319133539754215,16.511265950143,17.0105352010461,17.8870356172833,16.60000038,2.7170187157433,12.7623809853515,21.098851640792,26.89999962
"Allium hollandicum",19,FALSE,7,18,19,0.00178101317918777,18.2179428437501,18.8498527773377,19.8968515680729,18.80000114,0.305805674668422,4.85593632130928,9.62324062313747,19.70000076
"Symphytum officinale",18,FALSE,7,12,18,0.000696379973403339,22.2443796851189,23.2752588790696,24.6082802245121,24,2.63491264393067,13.1090035529524,22.3362547071732,19.70000076
"Quercus ilex",28,FALSE,5,20,28,0.000414298006642356,22.8167089921843,23.978726415701,26.3712026229857,26.20000076,3.72162859155795,16.1830083576483,26.5473186099946,26.5
"Rubus orthostachys",29,FALSE,6,18,29,0.000291865688229946,21.3799069641171,21.8432053762945,22.6756761008861,21.30000114,4.43739981160884,18.3365222421403,29.7734387872988,26.20000076
"Conium maculatum",26,FALSE,7,21,26,0.00115752321693918,23.1339239462086,23.9313747585607,25.2345976499526,24.5,3.36451591581315,15.3795525081987,25.7051289174387,24.39999962
"Rapistrum rugosum",29,FALSE,4,14,29,0.00123960143999623,21.9963962649813,22.9049208202271,24.9703846987755,26.5,2.70661357424997,12.8461544736139,21.212378410539,12.90000057
"Pisum sativum",36,TRUE,10,22,36,0.00175578960238889,21.3695153532568,22.4794876863577,27.9659917645411,28.5,2.9567485947979,13.9973273871843,23.1899040697767,2.299999952
"Rorippa sylvestris",26,FALSE,8,24,26,0.000603508174748285,20.9346885231576,21.55685475603,22.5853677265031,21.60000038,2.24702042526939,11.8837214280291,20.5904559335605,22
"Cirsium vulgare",105,FALSE,18,70,105,0.00168970599965516,25.4020765954006,26.3916450300174,27.8091527856418,27,2.14992596073838,12.2661096934559,22.196522443809,6.700000286
"Magnoliopsida spc",70,FALSE,12,39,70,0.00194737657306102,27.0075568229139,28.1715586971362,29.692060772671,30.10000038,0,3.79076728741587,8.35435064482573,0
"Rubus silvaticus",29,FALSE,2,19,29,0.000407718023459179,22.7863906723083,23.3548412844103,24.3018703012392,22.80000114,0.543068412718994,6.03370889409533,11.9569960929261,3.799999952
"Lotus pedunculatus",30,FALSE,8,17,30,0.00110892339861372,22.2006696999095,22.713930795782,23.6093541423629,22.20000076,1.04292447114372,8.21214107761043,15.9479478641585,6.700000286
"Crepis capillaris",117,FALSE,13,65,117,0.00245107813162377,21.7336184239545,22.9354968299743,24.6014361744256,24.10000038,8.68035740732232,29.2326204455784,43.9019123584783,0.5
"Rubus hypomalacus",42,FALSE,3,26,42,0.000891035383029341,21.7881828327532,22.2828660712335,23.2098288042338,22.80000114,2.60082796740785,12.92723447454,21.9837291213434,3.799999952
"Thalictrum minus",9,FALSE,3,6,9,0.000178725398701688,19.8233805251895,20.2771871275916,21.0735392095307,19.20000076,1.16144986181686,8.15797720862689,14.9814505387218,27.80000114
"Sonchus arvensis",52,FALSE,15,32,52,0.00133787649252938,20.9458722536169,24.0818956416253,26.0619198685476,25.5,10.9772443451703,43.9230510164201,67.274339999082,12.60000038
"Anethum graveolens",26,FALSE,6,12,26,0.000970273454754936,28.9557252627056,29.4546045828528,30.2987452623382,28.5,0,3.12146198509877,7.25185215289264,0
"Campanula portenschlagiana",8,FALSE,3,6,8,0.000194776162858662,20.8940619980157,21.5321402286873,22.4957188406964,20.89999962,1.42418014860031,8.89648561425145,15.7236700686668,26.5
"Hydrangea petiolaris",24,FALSE,6,19,24,0.00145094084821917,20.2538506240963,20.722274465741,21.5627768964871,20.20000076,0.10308879543989,4.03149653362903,8.29907056533093,18.10000038
"Chaerophyllum temulum",9,FALSE,6,7,9,0.000367492234629191,20.3904425723937,21.075468874624,22.2745303850516,21.39999962,0.463399958769082,5.46342967526203,10.5909203941195,26.60000038
"Rhus glabra",10,FALSE,3,7,10,0.000229051895210535,20.4506459097532,20.8817802869519,21.6489423997282,19.70000076,0.475425268180414,5.53819838192316,10.7739342784042,26.5
"Centaurea nigra",30,FALSE,5,16,30,0.0007630190399467,21.0325793804313,21.639688738097,22.6372977572291,22.10000038,4.89784147302519,18.595950464069,29.0703528220269,27.80000114
"Rhus typhina",19,FALSE,5,15,19,0.000268614799296275,20.2661191387768,20.7932886867027,21.6945448538815,20.20000076,2.12668386632459,11.3025485652993,19.4401823148856,21.30000114
"Tanacetum vulgare",85,FALSE,14,50,85,0.00283446071265928,22.4722387343504,23.3420242994167,24.6095619916274,24.60000038,22.7111525035345,42.9971158642915,54.2708186931663,40.90000153
"Senecio inaequidens",7,FALSE,4,7,7,6.74351501374324e-05,19.6792648694595,20.0648680917353,20.7852069088445,18.89999962,52.5773417951386,70.1965220711156,79.6081873917771,104.2000046
"Buddleja albiflora",18,FALSE,2,11,18,0.000263725900860865,20.9784718749514,21.4297701702063,22.2911470014096,21.39999962,12.5652782868227,30.3356937495512,41.0871127424991,51.60000229
"Alopecurus myosuroides",6,FALSE,3,5,6,7.95816924102256e-05,20.3474320224271,20.7893241662663,21.569715317768,19.60000038,1.51299326352947,9.27528619658784,16.5107052702569,29.80000114
"Bryonia dioica",37,FALSE,8,19,37,0.000852363210564921,25.0244985384249,26.0258324464136,27.2334413735596,26.20000076,0.265676819067937,4.90157551431447,10.1237386300911,0
"Calystegia sepium",6,FALSE,4,5,6,6.42300856307398e-05,26.7520247637008,27.2433181800996,28.0698426530048,26.20000076,0.611083523175794,6.64623030785457,13.8427234732234,10.30000019
"Chamaenerion angustifolium",52,FALSE,10,27,52,0.00145551723687197,19.1950791220985,19.8233995402515,20.8278551134069,19.5,5.68017786309675,23.193688108632,39.2935984388687,24.60000038
"Parthenocissus quinquefolia",76,FALSE,15,46,76,0.00179940491631768,21.6746830251574,22.6268685946781,24.952498144196,25,12.400456035068,32.4882698965478,45.0379496176124,24.20000076
"Hydrangea quercifolia",19,FALSE,4,15,19,0.000803020510433357,21.0620625042586,21.5591658349567,22.4429546400013,20.89999962,3.32833680725423,15.0564318766375,25.1601827141672,28.39999962
"Solanum villosum",47,FALSE,10,24,47,0.00109537640993716,23.9012246097518,25.0813052655796,26.4122948957366,25.39999962,5.26139970705424,34.6740007059858,59.5223765899709,0
"Bistorta amplexicaulis",17,FALSE,2,9,17,0.000231215744380135,19.6317789316453,20.0114369955934,20.7219929005468,19.10000038,48.2659221465857,65.6814427859123,74.969226206919,97
"Solanum americanum",8,FALSE,1,4,8,0.000183108243234072,20.0684409969883,20.4489738052808,21.1614500706084,19.10000038,44.2804405409416,62.0827560127366,71.6173633967874,97
"Eschscholzia californica",13,FALSE,5,11,13,0.000112486034718984,22.4884840087141,23.1750996012486,24.1628461197537,22.60000038,5.6442233664835,19.9703299284607,30.7983326160537,39.40000153
"Aralia elata",10,FALSE,4,9,10,0.000215452254837507,20.8362371364308,21.2608075179042,22.0235535760246,20,36.7439613894069,55.2698817178503,65.1343652505888,82.09999847
"Ranunculus polyanthemos",11,FALSE,3,8,11,0.000175422485571529,17.7930934844522,18.2752181068522,19.2127375830143,18.30000114,17.4810428033512,39.3968245794008,51.8332673334336,39.40000153
"Clusia spc",38,FALSE,14,27,38,0.000608155654605014,23.4479598141584,26.7895501865971,28.4079508065607,27.39999962,0.0867814807605073,4.14300887079673,8.89297859335013,4.900000095
"Cistus creticus",67,FALSE,6,20,67,0.00548139933420419,26.3563424353947,27.4384321108465,29.0649726141224,28.5,0.400000006,2.48680894938173,5.7853293851449,0.400000006
"Anthriscus cerefolium",21,FALSE,4,17,21,0.00182201864254009,18.0369028727519,18.4304040057274,19.1583184562435,17.30000114,7.5785814245757,22.5031755465646,32.0044258301976,22.89999962
"Trifolium nigrescens",42,FALSE,5,23,42,0.00091618991905724,21.1835149143409,21.9901615477997,23.2363656892828,23.30000114,14.2699015306274,33.0327145575664,44.1706493762377,34.60000229
"Plantago coronopus",51,FALSE,6,21,51,0.0021136803602238,27.0293056175622,27.7109071488882,28.8227051832815,27.70000076,0,2.88139822230727,6.55246573456779,0
"Viola tricolor",29,FALSE,10,20,29,0.000447000695508192,19.1167466072917,20.2629805918215,22.2306247468581,22.70000076,35.4073563063933,64.2549704241807,81.6376526596331,59.20000076
"Punica granatum",68,FALSE,8,33,68,0.00234967274393541,25.8917685033514,26.7073881066587,29.1253335852882,30.10000038,0.100000001,2.6699173979485,6.08777954199273,0.100000001
"Sisymbrium orientale",9,FALSE,3,6,9,0.000290261369363306,25.1878133954876,25.721555097471,26.5983517347425,24.89999962,6.70344953866238,20.91572452188,30.2045256905073,31.89999962
"Morus alba",26,FALSE,5,21,26,0.00059279923984514,17.7558395984461,18.1811126642547,18.9619087798574,17.5,6.45352630030851,21.0941773392811,30.9742144553723,22.89999962
"Allium spc",22,FALSE,7,13,22,0.00117658035012673,28.1744195134443,28.8704090994824,29.8841210020565,28.5,2.299999952,3.47098563480423,7.51089588477828,2.299999952
"Acer tataricum",11,FALSE,3,9,11,0.000317152452486523,18.1689231962042,18.573754886739,19.3239359190873,17.39999962,3.79976103865772,16.1309032396575,26.4009069561875,36
"Tilia tomentosa",26,FALSE,5,20,26,0.000397641646678764,24.2737845240383,24.9559615342517,26.0137834533765,24.80000114,4.50530709558433,18.1072858785528,28.7156296003079,24.39999962
"Medicago sativa",29,FALSE,8,22,29,0.000953605630779699,26.9008835694227,27.4700551871401,28.4305238763148,27.5,0.202375335484489,4.7241570663171,10.0690725666924,0.300000012
"Vitis vinifera",67,TRUE,12,51,67,0.00154122857455901,22.5557546185422,23.943774979613,25.4809783060524,24.5,1.8392226282693,11.0303584092102,19.9003504332919,4.900000095
"Rubus praecox",15,FALSE,2,9,15,0.000134590602791184,24.4856037741142,25.5476342144912,26.962177117515,26.20000076,9.23226137126081,31.7367440788041,47.9533100600465,19.89999962
"Juglans regia",18,TRUE,5,15,18,0.000394346928880988,18.605179800113,19.944441003801,24.6914578785131,24.70000076,9.57425349099712,28.004782355528,40.489384741761,32.90000153
"Reseda luteola",9,FALSE,5,5,9,0.000352222062279434,25.7366071338511,26.2322372199827,27.0696023345628,25.39999962,0.774990456412414,6.9633896157973,13.4181709143943,4.5
"Sanguisorba minor",20,FALSE,7,16,20,0.000335889679792823,19.7344912634813,20.9769119888596,22.6230084787212,21.70000076,12.4184683870228,29.443534784149,39.4669060753771,51.10000229
"Chondrilla ramosissima",40,FALSE,6,24,40,0.00177988738863359,29.8206543183472,30.7051105634201,31.8075761293576,30.5,0,1.38968466659471,3.71163385835953,0
"Cannabis sativa",45,TRUE,9,23,45,0.00108893239327758,25.3281802371756,25.8764661326366,26.8123587781939,25.89999962,4.07575619960006,17.8106550602415,28.9247103861064,13.69999981
"Onopordum acanthium",18,FALSE,3,13,18,0.000484268813740066,24.3761031685496,25.0331939237987,26.0116892023014,24.80000114,5.70888742284949,20.7739740154735,31.2980935692358,24.30000114
"Loranthus europaeus",13,FALSE,7,13,13,0.000811914878433689,18.7706589281536,19.2373861874979,20.0539776478719,18.30000114,16.3510431273397,34.683576348369,45.6265905663348,54.70000076
"Tribulus terrestris",41,FALSE,8,23,41,0.00142840719671481,30.3765992325245,31.0136572363367,31.9836565037852,30.5,0.100000001,1.53760577126502,3.99274370111921,0.100000001
"Parthenocissus spc",57,FALSE,11,40,57,0.00164105928177756,22.2426735728051,23.3451869417194,25.0948604226968,25.60000038,6.51881139086699,22.6655243210287,33.9791111722509,23.10000038
"Verbascum sinuatum",27,FALSE,2,11,27,0.000731627365855218,27.7974641503891,28.2935714397534,29.1818806897119,27.70000076,1.800000072,2.0654985069015,4.94117143945105,1.800000072
"Crepis setosa",42,FALSE,10,30,42,0.000926610943712819,24.5923314919407,25.0884267176763,25.9515538855398,24.89999962,13.3388091093867,33.4189374653502,45.3646269131462,10.5
"Centaurea solstitialis",23,FALSE,5,12,23,0.00106112797091338,26.7600435218134,27.2142423457892,28.0201793224753,26.20000076,0.300000012,2.04342686483932,4.94159508593395,0.300000012
"Rubus sanctus",70,FALSE,3,18,70,0.00195707212712648,27.329205298321,27.8521215069172,28.7752664880893,27.70000076,0.300000012,3.04989339069298,6.79922683190648,0.300000012
"Trifolium pallidum",20,FALSE,4,10,20,0.00134230321797649,23.7785387851584,24.4739168715506,25.6213328049965,25.39999962,3.73631620063415,17.8009211562537,30.0669292588587,11.10000038
"Trifolium squamosum",45,FALSE,5,20,45,0.0023930030906173,25.4048747675499,25.9956181608481,26.9464429030859,26,1.10499273003615,8.28448259868837,15.7549682069202,10.5
"Verbascum nigrum",57,FALSE,8,21,57,0.0013148961210274,26.7362022991066,27.6833024336145,28.9005595866733,27.70000076,0.577823586699418,6.11590219861739,12.0117753902394,1.100000024
"Filipendula vulgaris",47,FALSE,9,31,47,0.0019318411263247,21.7159351984997,23.0741544115485,24.6609699677072,24.39999962,15.6628333298431,37.0328378375158,50.3048222339156,32.40000153
"Verbascum phlomoides",18,FALSE,2,9,18,0.000257563768550743,26.2579289209328,26.8308587617724,27.7622742915856,26.30000114,0.542139495851852,5.95127024275639,11.6823476062166,10.90000057
"Silybum marianum",18,FALSE,6,12,18,0.000484911365287074,25.4993790113874,26.1259999385236,27.088443451486,25.5,1.01319242534202,7.83057732796582,14.7262311213382,1.300000072
"Sambucus ebulus",17,FALSE,5,12,17,0.000287361070259922,25.1136170107558,26.0205842290138,27.2932350142647,26.30000114,1.08139865811221,7.9606298476255,14.7884848027758,10.30000019
"Cerinthe minor",10,FALSE,5,6,10,0.000391339963078561,24.1128451021282,25.0770611800521,26.2586046283854,25.10000038,3.87377405498707,16.4944179593974,26.3049729111078,19.10000038
"Orlaya grandiflora",13,FALSE,3,7,13,0.000859754745468447,23.1900452821498,23.9581552497725,25.2831889850486,24.39999962,13.8768360085578,31.2123038451619,41.2425894047234,46.90000153
"Paliurus spina-christi",23,FALSE,4,15,23,0.00115872416604072,22.548365597906,22.9791338002196,23.8803467603991,25.89999962,4.30229481015072,19.6933044551675,32.411001899833,11.10000038
"Vicia villosa",15,FALSE,7,12,15,0.000376821887610451,21.4374227598365,22.2314642887112,23.5765699278005,22.80000114,1.32699738111883,8.86127875471288,16.2332367733054,22.70000076
"Verbascum lychnitis",11,FALSE,1,4,11,0.000329185543135802,26.6166732743008,27.1081580600145,27.9428595563236,26.20000076,0.0758702834194061,3.89483614420464,8.02114513811317,19.89999962
"Echium italicum",24,FALSE,4,14,24,0.00137465111103166,26.9283066531164,27.5415979731149,28.547638112493,27.70000076,0.114994147997633,4.17593674717103,8.73065534001659,4.400000095
"Ballota nigra",25,FALSE,3,12,25,0.000591654102338735,25.2439342400842,25.6934752528148,26.5183531751671,25.39999962,8.48981058418275,25.9308931649677,37.228493622224,27.20000076
"Capsicum annuum",18,TRUE,5,10,18,0.00045318795169717,27.6379121279421,28.4730746095681,29.6612591248999,28.5,0.100000001,2.20069390379181,5.2268161411685,0.100000001
"Erigeron annuus",26,FALSE,4,16,26,0.000546926877838897,24.2296680818796,24.878540514449,25.9004606295413,24.70000076,24.2379911938298,42.67579511359,52.6685151282846,56.90000153
"Verbascum blattaria",12,FALSE,4,7,12,0.000381553887307644,27.192734795959,27.6704790497505,28.508225294213,27.10000038,0.272835550688766,4.96294426469288,10.3282944747944,1.800000072
"Onopordum illyricum",6,FALSE,2,4,6,0.000121662588912395,22.864007999821,23.7436718432044,25.0939260436695,24,2.51906473326105,12.3167844258243,20.6803747781727,30.30000114
"Securigera varia",15,FALSE,6,12,15,0.000347714441779743,23.926729867947,24.9446100150193,26.148777889596,24.89999962,3.62109999171245,16.825818652713,28.6819567235806,19.10000038
"Galium humifusum",6,FALSE,2,4,6,0.000229687114915494,25.8414171740152,26.3368790411818,27.2178259472538,25.89999962,2.84435084656069,13.0606155970396,21.1629764960987,15.5
"Agrimonia eupatoria",49,FALSE,7,25,49,0.00081870603206263,25.0157569779373,25.6580443435528,26.7260133351972,25.60000038,3.79555789413163,16.5935052458854,27.2156516581436,19.10000038
"Ononis spinosa",25,FALSE,7,15,25,0.0018890587252417,25.5945491544582,26.1148827937586,27.0614418743613,25.89999962,3.57532133180581,17.0066789636701,28.4299359544875,7.099999905
"Portulaca oleracea",81,FALSE,11,38,81,0.00181609302408312,28.3199891849262,29.7796101545113,31.4224763110621,30.5,0,2.30879713446936,5.48134699877307,0
"Amaranthus hybridus",24,FALSE,7,15,24,0.000551070815582989,29.9480701467922,30.8030654817052,31.8864138870793,30.5,0.100000001,1.58172080418138,4.09555418455994,0.100000001
"Eryngium campestre",45,FALSE,8,25,45,0.00131573819080891,26.7733596729848,27.4428626162014,28.4885378062892,27.20000076,0.300000012,1.97526825620242,4.88216695602566,0.300000012
"Carthamus lanatus",23,FALSE,4,14,23,0.000907509098141625,29.2362821118301,30.1189434341046,31.3630632710624,30.5,0.100000001,1.14633076449323,3.23558037664384,0.100000001
"Berteroa incana",34,FALSE,10,25,34,0.000598206563671291,23.703466096521,25.1238561172984,26.6042173274342,25.70000076,5.71387840032108,20.9343946369929,32.5881221606469,26.30000114
"Silphium perfoliatum",14,FALSE,3,7,14,0.000321250506815532,22.3209062396964,23.1135108389737,24.3375352970079,23.20000076,9.77274671823452,40.0370632011949,65.7381212054132,19.10000038
"Galega officinalis",31,FALSE,7,18,31,0.00221971433053763,25.9152512539847,26.758394459413,28.0765338382863,27.10000038,0.41720226943967,5.57212781410619,11.3378710258854,1.800000072
"Datura stramonium",22,FALSE,8,15,22,0.000358086364292488,25.8983077729164,26.3915299050585,27.2512833149822,25.70000076,0.523335891942678,6.07877123894866,12.3184963790541,3.700000048
"Daucus guttatus",6,FALSE,4,4,6,0.000130225274506605,25.3412047318067,25.7261448198132,26.4511955093097,24.60000038,2.11058561943864,11.0012989388776,18.5752138708998,24.20000076
"Lactuca sativa",12,TRUE,7,11,12,0.000250350918505057,30.9089324392746,31.4293946123595,32.2833765822001,30.5,0.100000001,3.13884856653981,7.18339464582825,0.100000001
"Caprifoliaceae spc",43,FALSE,4,23,43,0.00177415063733395,27.0482397962418,27.586937664164,28.5255080825558,27.20000076,2.799999952,3.1606148918252,6.935890117914,2.799999952
"Atriplex tatarica",11,FALSE,4,7,11,0.000524194379988212,26.9905343077534,27.4304544009993,28.2517465639022,27,13.69999981,2.88334903377634,6.39031220861447,13.69999981
"Xanthium strumarium",49,FALSE,8,34,49,0.00208405395257082,26.5748501187422,27.1074981102151,28.0779546792825,27.20000076,0.101984762779229,4.1200483301821,8.63510202736245,0.699999988
"Quercus coccifera",76,FALSE,9,43,76,0.0047673627213513,26.1605220774832,27.9917657591973,29.5458547579769,29.5,0.962868359154831,7.86574144168827,15.2428339198525,2.100000143
"Cistus monspeliensis",15,FALSE,3,5,15,0.000676522108910927,27.5145225350318,28.4421045480778,29.5867537808566,28.5,0.197707648625806,4.62188353229066,9.68360948872822,2.299999952
"Crepis vesicaria",13,FALSE,6,10,13,0.000381723817239328,18.5849087087765,19.3533354614863,22.3924692196833,22.60000038,2.32260793874188,11.774266526776,19.9833006806658,23.30000114
"Veronica chamaedrys",15,FALSE,6,13,15,0.000399638043257037,15.2905359630849,16.7831446306605,18.180074384799,17.20000076,1.87452087719738,11.3111975079776,20.92810594925,16.39999962
"Rubus sulcatus",46,FALSE,4,19,46,0.000904535046825867,24.8764539230504,25.4185137769466,26.3701511301594,25.70000076,1.02565711758208,7.9833668445421,15.243782291794,10.5
"Laburnum anagyroides",6,FALSE,3,6,6,9.08455634236884e-05,18.3265958106038,18.8255059342938,19.6589952226693,17.80000114,4.37542837565806,16.5753180199955,25.7305777505518,44.40000153
"Eucalyptus camaldulensis",46,FALSE,5,20,46,0.00239255567163985,28.3886494607163,29.5657775092067,30.9292119672952,30.10000038,0,1.70849670187577,4.31463840913328,0
"Crepis sancta",8,FALSE,3,6,8,0.000100429289093242,18.2550079026442,18.6503969937103,19.3768635143522,17.5,17.0781336978797,34.9941081472069,45.267466464176,56.70000076
"Myrtus communis",40,FALSE,6,18,40,0.00320859567574599,29.5145362518033,30.320401767992,31.4373543197407,30.10000038,0.100000001,2.7600219230853,6.37624670687543,0.100000001
"Ligustrum lucidum",13,FALSE,3,10,13,0.000437155736923523,26.4801908439732,27.4020211236287,28.554676016214,27.30000114,1.30529776666339,10.035382325491,20.8995213902585,0.100000001
"Clematis recta",18,FALSE,5,9,18,0.00118595451548527,26.2450109444644,26.7503978920053,27.6584555360996,26.70000076,2.27635258717161,12.2310011864475,21.1162956623126,3.799999952
"Rorippa palustris",13,FALSE,6,11,13,0.000569516661349994,19.8105690680154,20.4931078207577,24.2352807111823,24,5.31004114888163,18.268915727626,27.3996855190252,35
"Asparagus spc",39,FALSE,6,21,39,0.00266926545567313,28.0957265166712,28.536395566257,29.3190070242241,27.39999962,0.100000001,1.77220095364842,4.4968926685319,0.100000001
"Ecballium elaterium",44,FALSE,4,13,44,0.00299393515657889,30.3271215642044,30.9145676711655,31.8785972632715,30.5,0.100000001,0.979263312899062,2.9302792656082,0.100000001
"Vitis cinerea",9,FALSE,3,8,9,0.000122086684136437,25.4232670020758,25.8363778046281,26.5837385598707,24.5,4.900000095,1.70614151850538,4.33962849707414,4.900000095
"Plantago spc",69,FALSE,8,35,69,0.000605756096697379,22.8783806112866,23.6764311553363,25.4292147532747,25.60000038,21.9770555210636,46.9841461301647,61.9602553850132,36.29999924
"Senecio nemorensis",9,FALSE,5,6,9,0.000290514612590909,20.9053492272515,21.3685555547296,22.1897965410111,20.39999962,43.4109251379954,66.1514387704287,78.7263411843658,75.5
"Leontodon saxatilis",20,FALSE,6,13,20,0.000292983962582935,24.1752500358423,24.7592190381131,25.7513087030468,24.70000076,11.4157661412485,29.5099101679296,41.004495749786,44.29999924
"Reseda alba",20,FALSE,4,8,20,0.000562632359769309,25.5391377843975,26.6774855884555,27.8855940260791,26.60000038,1.63783150153976,10.2447790916404,18.5374712819556,3.200000048
"Bituminaria bituminosa",14,FALSE,3,6,14,0.000299106364606171,23.7002708448756,24.725842217076,25.9239176411577,25.10000038,4.900000095,1.9533913558039,4.75979235211293,4.900000095
"Bolboschoenus maritimus",6,FALSE,4,5,6,0.000140701448044275,26.7289281185556,27.1405527500838,27.8943854751378,25.89999962,0,2.42402906893438,5.68407442748555,0
"Helminthotheca echioides",55,FALSE,7,28,55,0.00105259477340428,28.4781662434053,29.0532440124939,29.9974281569261,28.5,0,1.82393762675794,4.56920701118494,0
"Ligustrum japonicum",10,FALSE,4,9,10,0.000238883267056748,27.5402506974639,28.0715242963421,28.9607963523988,27.30000114,0.100000001,2.41946871204523,5.68387478090897,0.100000001
"Scolymus hispanicus",14,FALSE,4,9,14,0.000210771820795043,25.4480099973841,25.9125986256595,26.776740632328,25.39999962,0.600000024,2.17201849855418,5.20068015749756,0.600000024
"Lagerstroemia indica",34,FALSE,4,20,34,0.000749699894249105,26.6440635694734,27.0766188851121,27.851839395596,26.20000076,0,2.56843770922354,5.96807867607865,0
"Ambrosia artemisiifolia",42,FALSE,6,25,42,0.000863335718756525,24.4720199946155,25.0278444094444,26.0520886765608,25.39999962,15.1248900766164,37.0711262254176,49.7687125274447,24.30000114
"Sparganium erectum",8,FALSE,4,5,8,0.000251216030037405,24.5200200746923,25.0149170326194,25.8472251484216,24,52.9946783052047,72.8552814295762,83.3473914844773,83.30000305
"Bougainvillea spectabilis",6,FALSE,2,3,6,0.000148220216826163,25.8039176690976,26.2487073702958,27.0498896292395,25.60000038,0.89229389758359,7.14609610305058,13.3651551614683,24.20000076
"Glaucium flavum",6,FALSE,3,4,6,0.000119330146022019,28.0336698680854,28.451431368823,29.2071928322832,27.20000076,2.299999952,2.32215137091082,5.54359771565031,2.299999952
"Pimpinella saxifraga",6,FALSE,3,5,6,0.000166289923254456,23.0947231618106,23.6994652707515,24.6844666336124,23.20000076,26.4324766479509,46.4094798685903,57.6357149159902,68.30000305
"Chlorophytum spc",7,FALSE,4,4,7,0.000209589567878795,24.1790661731791,24.6756222287069,25.5154044288017,23.80000114,19.938116842131,38.2743004501608,48.2497447148112,55.40000153
"Centaurea calcitrapa",7,FALSE,3,4,7,0.000220478815876737,23.0179893469857,23.4672864961318,24.2925162217914,22.80000114,1.300000072,1.2648003236291,3.44779404648629,1.300000072
"Erucaria hispanica",7,FALSE,1,3,7,0.00070222568473421,25.7445917596997,26.2045123759164,27.0016285696317,25.20000076,2.900000095,1.28539027131706,3.48685688400782,2.900000095
"Echium angustifolium",8,FALSE,1,2,8,0.00093812398864807,25.8768097585581,26.3150642041892,27.0922853327088,25.20000076,2.900000095,1.22086229928099,3.36664028754461,2.900000095
"Eucalyptus gomphocephala",21,FALSE,3,9,21,0.0013924600741536,31.093826798673,31.5449612330021,32.3475280474569,30.5,0.100000001,0.808339691908109,2.58462120475481,0.100000001
"Eucalyptus globulus",24,FALSE,5,12,24,0.000688322520325588,26.5887925886495,29.1335329843979,30.9457154328262,30.10000038,0.588540383390982,6.47433782617351,13.2391709570749,0.300000012
"Brachychiton populneus",18,FALSE,3,7,18,0.000635839911689666,26.2094028238306,26.8225404173822,29.757166685288,30.10000038,2.700000048,2.76517648959214,6.19476521062403,2.700000048
"Tipuana tipu",21,FALSE,4,9,21,0.000762372189487085,25.4113150074472,25.9697223017029,27.318472894941,28.5,0,2.54347220892117,5.82019955916582,0
"Carduus argentatus",9,FALSE,1,1,9,0.000247727282009831,28.913233500337,29.3890690173386,30.2166629743456,28.5,2.299999952,1.02494450789076,2.99792632762595,2.299999952
"Hypericum triquetrifolium",49,FALSE,3,13,49,0.00355667284919231,29.4567143358196,29.8694190191704,30.616296078237,29,0.100000001,0.822846171433069,2.61558611428917,0.100000001
"Carduus pycnocephalus",9,FALSE,1,1,9,0.000148589997398903,28.9309153657111,29.4044487673069,30.2292376028129,28.5,2.299999952,1.01679408661256,2.98242631869797,2.299999952
"Asteraceae spc",22,FALSE,6,15,22,0.000538453901747234,28.2050028083885,28.6591340781581,29.4503603614621,27.5,6.599999905,2.50083745189521,5.82954971182162,6.599999905
"Pistacia terebinthus",9,FALSE,1,2,9,0.000186776893135206,29.1167934618085,29.5679056012277,30.3638172437997,28.5,2.299999952,1.10843321956257,3.15690643158067,2.299999952
"Ononis pubescens",8,FALSE,2,5,8,0.000288469012515147,23.6338939548343,24.0101552970826,24.7090751216864,22.70000076,14.60000038,2.68073078212325,5.9792484279805,14.60000038
"Ptilostemon gnaphaloides",6,FALSE,2,2,6,0.000299734433457909,28.2697925421472,29.0138118086669,30.0295049772441,28.5,1.100000024,0.944197791085855,2.84233184306196,1.100000024
"Ammi majus",13,FALSE,6,11,13,0.000538391379469979,28.5672996954751,29.1551711332974,30.0912612176046,28.5,0.100000001,1.43496692590505,3.83381522316065,0.100000001
"Campsis radicans",22,FALSE,5,9,22,0.000343027870092419,29.2665196440626,30.0239722539482,31.056801600346,29.70000076,0,1.67935826665171,4.28417612905751,0
"Thymbra capitata",19,FALSE,3,11,19,0.000856704749129901,29.4264581115717,30.2982401949023,31.4317446778602,30.10000038,1.100000024,0.886161514660627,2.73207273553542,1.100000024
"Portulaca grandiflora",17,FALSE,3,10,17,0.000441346637395424,30.8185953691159,31.283641413877,32.1084758142185,30.5,0.400000006,1.83230507328116,4.63765364362983,0.400000006
"Lycium chinense",24,FALSE,7,17,24,0.00040914188281608,27.3429255445247,28.2122928403711,30.5415465968282,30.5,0.361540653968547,5.35328523829858,11.0011518210076,4.300000191
"Rosa dumalis",7,FALSE,3,5,7,6.46476767081564e-05,20.7645336001246,21.1976967445277,21.9762366552371,20.10000038,12.5586838745506,28.6961706061804,38.0736599245417,56.20000076
"Brassica spc",32,FALSE,2,19,32,0.000210350593102017,17.9243997531733,18.5926873305968,19.6912674507118,19.10000038,0.802099689821278,6.76537636191603,12.6548411986676,15.80000019
"Brassicaceae spc",10,FALSE,2,4,10,0.000298010961601051,27.2516597380317,27.8403685689784,28.7742140611727,27.20000076,0.0961470123060794,4.1390655365727,8.73473046304028,0.300000012
"Barbarea vulgaris",51,FALSE,13,34,51,0.0022917573048817,16.9581969541154,18.4626094786172,20.7181662285027,20.30000114,10,3.24544147377496,7.08540811827249,10
"Viburnum lantana",11,FALSE,4,10,11,0.000214096453415442,21.6901922814825,23.0319008566751,24.3511620771467,23.30000114,10.2989018063599,30.5200902899573,44.7189832139578,29.89999962
"Verbascum chaixii",13,FALSE,5,10,13,0.00017721428525116,23.709015126124,24.4332863456511,25.5778180357645,24.60000038,3.54016436687942,18.3938250813982,33.7035643915813,14.5
"Paeonia lactiflora",10,FALSE,5,9,10,0.000288082859738417,18.6931196524322,19.4515068444137,20.9084144799826,20.20000076,13.60000038,3.55062798854221,7.56317594743874,13.60000038
"Fragaria virginiana",21,TRUE,7,14,21,0.00056858747349954,20.7817107893246,22.1296106424143,24.9789155715315,24.5,0.458096904121376,5.51143696246585,10.7853772660771,4.900000095
"Lamium maculatum",6,FALSE,3,5,6,0.000141525123587507,20.8998351254188,21.4577301339267,22.345072432519,20.60000038,13.5418338376774,33.3518371328195,46.1647410167206,52.29999924
"Sorbus bristoliensis",16,FALSE,6,13,16,0.00030955110538068,19.0654581867261,19.7409436004924,20.7380493536283,19.20000076,0.36880916806683,5.14350572221881,10.1553590747537,17.70000076
"Potentilla argentea",13,FALSE,5,8,13,0.000216584700691143,21.7862092095459,22.591615051957,23.6536072463618,22.20000076,16.6615900428818,35.3127458742556,46.3366629201809,55.20000076
"Fragaria vesca",12,TRUE,3,11,12,0.00026776875158703,16.9708605532362,17.4844286438532,23.4962750558121,23.70000076,2.93932783866422,13.3561346870006,21.8031559181109,31.89999962
"Lepidium draba",11,FALSE,3,8,11,0.000175204115999432,18.5429759930892,18.9351600230329,19.6611422650328,17.89999962,0.605737976938519,6.07738294166519,11.6660025404934,22.89999962
"Chaerophyllum aromaticum",6,FALSE,3,4,6,0.000256652445316601,20.7707828592203,21.2971315421712,22.1884049574179,20.60000038,7.4947976551854,22.3663607367014,32.2974029661593,49.79999924
"Papaver somniferum",49,FALSE,10,32,49,0.00270319208441007,21.726776895165,22.3328625731436,23.3242319347813,22,5.28384102868036,18.2104913889988,27.1633524236745,21.30000114
"Camelina microcarpa",6,FALSE,3,5,6,0.00015877274817703,21.3859635415482,21.8703697405094,22.6903190840856,20.80000114,13.4335007896396,31.975142666132,43.7960911794557,52.70000076
"Rubus caesius",8,FALSE,4,8,8,4.41988038667183e-05,24.7703094982233,25.2283912459625,26.0317950460887,24.30000114,3.05737389914833,14.8590803615811,25.6592770693282,26.5
"Tetradium daniellii",17,FALSE,4,14,17,0.000232917864975427,23.4579955305325,24.2569795343146,25.4292235059416,24.70000076,15.4998158711296,33.9954715602856,44.9013754001195,57.29999924
"Sanguisorba officinalis",15,FALSE,4,8,15,0.000864292718693543,25.0373414185981,25.5294558786127,26.3742352009005,24.70000076,18.3433713158614,35.5363624174953,45.2055363591713,69.59999847
"Pastinaca sativa",9,FALSE,4,6,9,0.000274692103404519,20.2904700746627,21.0591999545481,22.2559824351635,21.10000038,1.85880370280758,10.4794153138141,18.4050084094275,33.20000076
"Tripleurospermum maritimum",80,FALSE,12,55,80,0.00263366208743009,21.5792625736187,22.8978977820993,24.8339309850907,24.39999962,4.34888302424023,19.160147544124,32.0544856194769,15.80000019
"Arctium tomentosum",25,FALSE,7,19,25,0.000268323433479615,21.0965918101653,22.2272508337401,24.6550477868185,24.39999962,9.29786843439271,27.4149170420983,39.9219031759909,40.90000153
"Prunus armeniaca",12,TRUE,3,11,12,0.000524667451317542,18.8298146122683,19.5102096311083,20.487102831973,18.89999962,0.537292416333449,6.06509917158414,12.1907250123417,14.30000019
"Salix myrsinifolia",70,FALSE,8,50,70,0.00516612829220082,14.3663299904403,17.9103629783948,20.475557933743,19.89999962,10,3.25446164960945,7.05346778769107,10
"Pyrus communis",18,TRUE,6,18,18,0.000388520429781917,14.7234025285251,15.2456397200636,16.1158014694935,14.60000038,10.5,3.45293157220107,7.4928663147607,10.5
"Rosaceae spc",34,FALSE,9,31,34,0.000468627915785571,17.9342407439108,18.6281045298213,19.7195264926146,18.60000038,0.78298647330413,6.94957268902921,13.404439676506,13.19999981
"Malus pumila",6,TRUE,4,6,6,4.23557557162034e-05,13.2454184345665,13.8108075698308,14.7729251946001,13.40000057,10.30000019,1.97837486329185,4.7753496825488,10.30000019
"Anemone sylvestris",27,FALSE,6,20,27,0.000600138770647755,16.1325870616867,19.0382246336386,20.7758142296168,19.89999962,10.30000019,2.46287461936907,5.6698206097016,10.30000019
"Anemone nemorosa",29,FALSE,6,21,29,0.00153901221735008,14.0483127161493,18.6463417874086,20.6799012654532,19.89999962,10.30000019,2.74821392759517,6.17134626595898,10.30000019
"Cistus albidus",26,FALSE,3,15,26,0.000984076552426447,22.5846130941954,23.4774328871176,26.3940801703635,26.70000076,2.40580689126564,12.9510002178928,22.4970241061309,0.100000001
"Pyrus cordata",7,FALSE,3,7,7,0.000157189823717927,14.8982978045793,15.3524819379243,16.1467941145068,14.19999981,0.463686903764537,5.69140408820728,11.3978027410047,14.30000019
"Echium plantagineum",72,FALSE,6,27,72,0.00448243375589457,23.6690274618482,24.4811355966599,25.8210957349154,26.5,1.2425774713939,8.85008900013111,16.5068567387114,1.5
"Centaurea jacea",46,FALSE,6,24,46,0.00117250488783693,20.9516503311799,21.6672043891776,22.6997515283418,21.30000114,35.5996217733378,56.5253165531383,67.678904956126,62
"Ficaria verna",20,FALSE,6,18,20,0.00114893327342427,12.7185129317825,13.3600791894518,17.2782126037343,17,10,2.07676615627144,4.94263851470527,10
"Erodium cicutarium",7,FALSE,2,4,7,0.000145305404679428,16.9917472234611,18.397928108217,20.3038315627522,19.60000038,0.963061206826359,7.64844763591589,14.6152593974151,14.10000038
"Rosa multiflora",16,FALSE,4,15,16,0.000499385708159783,20.4916004933174,20.9084660383814,21.6678160940591,20.20000076,0.342954868540783,5.00028851377621,9.86144092497218,20.89999962
"Jasione montana",21,FALSE,5,8,21,0.00105201812754689,24.8879141721933,25.8046182139162,26.9088628982746,25.5,1.11412836025084,8.96397352648226,17.9943617855531,1.5
"Dasiphora fruticosa",24,FALSE,5,18,24,0.000371118414627362,19.6915502850614,20.55216134092,21.8827327329074,21,34.5315712331436,53.8992648652119,64.7878835247493,81.40000153
"Trifolium fragiferum",9,FALSE,7,8,9,0.000227979830043647,25.2381513972506,26.1420012693838,27.4673439906389,26.5,1.07457705539672,8.3461769437674,16.0150503437668,0.5
"Lupinus polyphyllus",14,FALSE,2,11,14,0.0007521020418401,17.7747117949798,18.1929906208014,18.9585404745919,17,1.48020729503958,9.0071255242976,15.8276717158972,26.5
"Thalictrum simplex",17,FALSE,6,14,17,0.000297691145768167,22.7931931439245,23.7103592406213,24.9475917019746,24,5.41245433878193,19.945886728134,30.3549984152969,23.89999962
"Allium cepa",10,TRUE,5,8,10,0.000489357952728701,24.8984251729846,25.4305723800283,26.2925883975954,24.5,4.900000095,3.12095090558247,7.06461083364688,4.900000095
"Papaver orientale",7,FALSE,2,6,7,0.000245841908961104,19.8922553285503,20.304258890169,21.055881015129,19.20000076,1.98649484235765,10.6347375754647,18.2322737142081,35
"Tripolium pannonicum",6,FALSE,4,5,6,0.000225366749446058,18.8780509952728,19.3216990470957,20.1333342507015,18.5,43.6880349399351,64.5693673363096,75.9437521355061,81.40000153
"Syringa oblata",11,FALSE,2,8,11,0.000403176289021738,18.1607137965312,18.5907988693235,19.3682257630824,17.5,13.30000019,3.00633074174133,6.52952002995824,13.30000019
"Bunias orientalis",21,FALSE,7,14,21,0.00126470587166305,18.3513177796141,18.9194880259954,20.0780555747221,19.39999962,0.396616771459376,5.32435512316584,10.5996686645966,14.69999981
"Capsella grandiflora",9,FALSE,6,8,9,0.000462157656884398,19.8979988519853,20.4931138181712,21.7460570708089,21.20000076,1.90331396710486,10.9956007368481,19.8096738845622,19.70000076
"Potentilla erecta",14,FALSE,5,6,14,0.000561405557470013,18.7910489110454,19.2776930008196,20.1896254090999,19.30000114,19.5638220949552,45.8924142567779,59.6250531769078,14.69999981
"Melampyrum nemorosum",7,FALSE,3,5,7,0.000320788236514922,21.0042599360474,21.5798861906905,22.4859820713572,20.80000114,20.1662000172257,39.2738766635969,50.3013903972515,66.80000305
"Anchusa officinalis",8,FALSE,6,6,8,0.000187144723123284,18.8139084351847,19.2342561784173,20.0036198304462,18.10000038,0.729585217379023,6.69133055003914,12.9496574990896,23.70000076
"Anemone ranunculoides",10,FALSE,3,7,10,0.000472370747242772,17.9220580493479,19.6009933747507,20.9051810201899,19.70000076,10,2.16224214503803,5.14482328206868,10
"Spiraea chamaedryfolia",11,FALSE,2,9,11,0.000356369164294955,17.0446245161058,17.4178804287053,18.1139071067114,16,0.0396878356291925,3.73878495823873,7.76536973478575,20.80000114
"Acer platanoides",6,FALSE,2,6,6,0.000148509156627379,12.1845842265898,12.5669150518807,13.2835923388262,11.19999981,15.10000038,1.99796772038595,4.78482645733887,15.10000038
"Gagea minima",6,FALSE,1,5,6,0.000271455233386784,11.2248736360232,11.5918236834499,12.2828677705915,10.30000019,19.10000038,2.83192259692564,6.22785586736122,19.10000038
"Arabidopsis arenosa",7,FALSE,4,5,7,0.000394722692440207,20.0464738022246,20.578692765125,21.4755194625615,19.89999962,0.563882334315404,6.08716064805146,12.035229050261,13.40000057
"Aronia melanocarpa",6,FALSE,3,6,6,0.000105300206415905,16.0393412131358,16.5622432973339,17.4363475831553,15.80000019,1.00835241143806,7.37002233118873,13.3759116597082,20.80000114
"Syringa josikaea",17,FALSE,4,10,17,0.000412854120455036,22.9634882859708,23.9045673695143,25.1240758219113,24.39999962,4.46522479272145,17.6764247429599,27.7290976207477,22.70000076
"Hieracium laevigatum",30,FALSE,6,21,30,0.000595267311109605,20.6826314678842,21.341952004385,22.4091625545655,21.30000114,36.4656710867081,59.9059015702265,73.4786363845455,66.20000458
"Hylotelephium telephium",11,FALSE,4,9,11,0.000372989218343662,19.8118878018718,20.978570236717,22.3476890241812,21.30000114,43.3823787040398,69.626510437992,84.8092739427281,73.30000305
"Viola arvensis",10,FALSE,3,5,10,0.000141096273693523,23.3858149453568,24.3066997297335,25.5656253557477,24.70000076,37.2999252212333,59.4873511307499,72.5227818542584,75.70000458
"Photinia glabra",6,FALSE,1,6,6,0.00010255482862126,16.6341038349794,17.1447052236997,18.0324261381169,16.60000038,5.20156458451418,18.4417675165618,27.8971836219327,38.5
"Quercus pyrenaica",12,FALSE,2,8,12,0.000284932130527266,23.8964368196901,24.6124826636893,25.613769573321,24.30000114,1.67242391711336,11.5216806216785,22.7446003632552,3.400000095
"Quercus petraea",10,FALSE,4,9,10,0.000100075682368073,17.4041094199241,22.1653420707475,24.8147556476369,24,1.43803234084468,9.16675411916672,16.4710520653635,3.400000095
"Diplotaxis erucoides",45,FALSE,4,15,45,0.0025927191473052,28.7726302707824,29.3180289177056,30.2095687614909,28.5,0.100000001,2.14729203448027,5.13129561747136,0.100000001
"Ceanothus thyrsiflorus",7,FALSE,1,5,7,0.000197785869445606,21.4858107672683,21.9705425962262,22.7885381259696,20.89999962,3.53323469369508,14.0222005860853,21.7724495545121,38.5
"Acer campestre",12,FALSE,5,12,12,0.00022226872623569,15.7866819835856,16.3059293241333,17.2489670768205,16,3.76162649205726,15.6356943410602,24.7916687474029,14.10000038
"Carduus tenuiflorus",22,FALSE,3,17,22,0.000369657939881692,22.6588509698801,23.4276485719185,24.9997535099871,25.10000038,2.56087890790192,12.168707492337,20.0450931242161,22
"Hedera hibernica",9,FALSE,3,7,9,0.000321537119819212,24.9104881983968,25.5088330899361,26.4658744062258,24.89999962,1.100000024,3.74731995239281,8.31742441103073,1.100000024
"Sorbus commixta",7,FALSE,2,5,7,0.000132037180237008,19.0613795283028,19.7688325397395,20.7617554450466,19.20000076,2.24076593328997,10.9829631281353,18.1251531332033,33.60000229
"Oenanthe crocata",14,FALSE,3,10,14,0.000889748791340527,19.5541422373786,20.4667555684691,21.7147870122575,20.60000038,4.73564116052851,17.5472362627039,26.7190381506688,15.10000038
"Pyracantha angustifolia",6,FALSE,2,5,6,7.62983937031945e-05,17.3401326552093,17.8073293351932,18.6688205718763,17.20000076,6.1757136577162,20.0161364928485,29.3534062431928,38.5
"Smyrnium olusatrum",7,FALSE,2,4,7,0.000725222739845162,16.5028455894529,17.1490767408725,18.1307415926976,16.60000038,1.75153521356994,9.52107354117942,16.105867687406,38.5
"Sorbus graeca",25,FALSE,4,15,25,0.0014771815208564,19.8924298126373,20.9393038911085,22.807611099874,22.20000076,5.02671450965861,20.520173225833,33.2957696301461,18.10000038
"Trifolium ochroleucon",9,FALSE,4,6,9,0.000352112800022468,22.9309307830561,23.3996663425565,24.2219764571682,22.39999962,12.731885597832,29.3814478025634,39.0543949215897,35.20000076
"Sonchus asper",27,FALSE,5,18,27,0.000386415345774322,25.136356253476,27.0155293996078,28.4736235291768,27.5,2.03868003123316,11.5353183055323,20.3513046042333,6.700000286
"Quercus suber",20,FALSE,3,11,20,0.00114680924642566,25.7557158140835,26.3270942752237,27.2251265416543,25.5,0.248681152059,4.85684841440414,10.0817676242844,1.5
"Quercus cerris",6,FALSE,3,6,6,0.000440107067807626,16.0066413940614,16.673414516514,20.549939227321,20.10000038,9.84101158540048,26.7469220984555,37.1436235087564,26.89999962
"Reseda phyteuma",17,FALSE,3,7,17,0.000537716723808395,26.8883592705017,27.5028777488904,28.4529450389009,27.20000076,0.55828064454647,6.30615661460911,12.8345304125258,2.299999952
"Quercus suber x Quercus trojana",16,FALSE,3,10,16,0.000594225165052292,25.9885477923171,26.4972545544561,27.3395916229618,25.5,0.0166354237990138,3.81277370345754,8.23146147703625,1.5
"Pyracantha coccinea",9,FALSE,5,8,9,0.000210637361981936,19.2540832247644,19.7951121205273,20.7211401127558,19.39999962,6.91620519802526,20.9911578196191,30.3412044876277,50.79999924
"Beta vulgaris",7,TRUE,4,6,7,0.000427631975008769,26.8839434156489,27.299856157818,28.0473124207827,26,0,2.33797447910083,5.4579970845308,0
"Tilia americana x Tilia x moltkei",13,FALSE,3,8,13,0.000117725465944201,21.3708199634279,21.875154165369,22.7306981659924,21.10000038,4.59006231304935,16.9915293111855,26.1151482337065,40.90000153
"Erica arborea",7,FALSE,3,5,7,0.000553366970553517,19.7691332004638,20.2285077744083,21.0244108105219,19.20000076,16.9339623220907,33.6282491350807,42.9245521603258,62.70000076
"Carlina vulgaris",21,FALSE,4,11,21,0.00188113112688723,28.502027963857,28.9378342129812,29.7139565560169,27.80000114,0,0.890983837061985,2.75748622801639,0
"Crepis bursifolia",30,FALSE,5,13,30,0.00103690241274726,26.8529024374447,27.5976188734522,28.8004867398216,27.70000076,0,2.4185269005165,5.71896432144598,0
"Clematis flammula",20,FALSE,4,10,20,0.00151838563946281,26.9768258778269,27.4621519986634,28.3039159716362,26.70000076,3.799999952,3.25054634904679,7.08519077886057,3.799999952
"Daphne gnidium",22,FALSE,3,10,22,0.0017943629745008,27.1586595128704,27.6382933087286,28.4969037078427,27.20000076,0.100000001,1.10962284882846,3.19098448006846,0.100000001
"Pulicaria dysenterica",16,FALSE,4,9,16,0.000593141668406997,25.6973074344225,26.6418503754023,28.5763880061321,27.80000114,0,1.25339400194172,3.48660614699899,0
"Nymphaea candida",6,FALSE,2,3,6,0.000430917044040717,19.7856778440939,20.3918362326026,21.4723082535019,20.20000076,19.2841100401105,46.5019168809743,64.3969084650325,49.70000076
"Daucus carota",13,TRUE,5,10,13,0.000144685653265651,26.0672708160333,26.5712892998697,27.4509486781405,26.20000076,0.5,1.79111880206526,4.49675082875633,0.5
"Hydrangea spc",6,FALSE,4,5,6,0.000290743463843099,23.5693422526148,24.1982574258784,25.1421316031584,23.5,25.0589646508235,43.8733219436173,54.6386066025433,75.59999847
"Pyrus ussuriensis",7,FALSE,2,7,7,8.95623668576718e-05,13.4839641741949,13.8780246598366,14.626270066881,13.10000038,13.19999981,2.06705691320266,4.92216448817386,13.19999981
"Potentilla anserina",12,FALSE,2,5,12,0.000427388387269009,18.9631629787893,19.3405539077611,20.05021535376,18.39999962,5.76349107396814,25.7370145519886,51.2546105846079,24.30000114
"Ononis tridentata",7,FALSE,2,3,7,0.000370874219526884,23.784302653886,24.1924735301117,24.9340159661229,22.89999962,0.22555460489022,4.64668278960219,9.53147817674966,16.20000076
"Sorbus danubialis",6,FALSE,2,6,6,0.000174659208711769,19.5284092656267,20.0270428033863,20.8597343413009,19,0.806266417427452,6.69524180507224,12.4205044778675,14.10000038
"Allium stipitatum",11,FALSE,4,11,11,0.000387794286632152,18.0565437431287,18.6021075119302,19.5969643502719,18.80000114,0.841790741352759,6.870457714753,12.7457307087446,19.70000076
"Rumex longifolius",10,FALSE,4,9,10,8.32013693296086e-05,24.2892812666141,25.2701818503111,26.3899144388718,25,2.60573660843702,13.5719217803538,24.1890602734666,24.20000076
"Veronica persica",15,FALSE,6,10,15,0.000597635564566596,18.8499616857133,19.2411524106561,19.9605247408262,18,6.59234137454102,30.7756975351832,55.7535152503751,13.90000057
"Pilosella officinarum",8,FALSE,4,7,8,0.00012245040761369,21.8844629084408,22.5777524514843,23.5671641096126,22,0.0380163085671342,3.86151300544144,8.2253448198324,4.900000095
"Plantago maritima",8,FALSE,3,6,8,0.000281500438380906,26.2746629209149,26.6765972986212,27.4154892230298,25.39999962,1.02263845628226,7.6522019319473,14.1947947080579,27.20000076
"Rubus schleicheri",9,FALSE,3,7,9,0.000109943123042878,20.6146037788028,21.050542255897,21.8861225366965,20.70000076,0.578669015842402,5.87689451362463,11.1827972155188,28.5
"Matricaria aurea",7,FALSE,1,4,7,0.000193339337775936,21.4814707668063,21.8521076446304,22.5454637902041,20.80000114,0.654687696863988,6.14760142249082,11.6030128481664,31.10000038
"Scabiosa lucida",7,FALSE,3,5,7,8.76826254542466e-05,24.1132877801829,24.6023911172768,25.4317642880805,23.60000038,12.3280522359221,28.5012926819411,38.0802833605496,63.40000153
"Vitaceae spc",11,FALSE,6,10,11,0.000142097745910461,24.8705346802613,25.4782773608003,26.4582509811186,25.39999962,2.2247827312298,12.5432297466662,22.6374076171149,0.699999988
"Odontites vulgaris",13,FALSE,7,12,13,0.000219927747397387,25.2014026037844,25.872077294395,26.9437808454613,25.70000076,4.36869300861374,20.8369602434289,35.8687251944618,10.60000038
"Malabaila aurea",6,FALSE,1,3,6,0.0004658250785882,18.3988551945332,18.880979403886,19.7314619915316,18,8.6314354058464,22.7094570216033,31.2849031837467,61.79999924
"Quercus aucheri",13,FALSE,1,9,13,0.000947340299715429,18.0772317414047,18.7312101394219,19.9705375373739,19,2.23592717199873,11.6413745470381,20.0099940577926,34.20000076
"Elaeagnus angustifolia",14,FALSE,5,10,14,0.000382082237796988,21.4688845336713,22.2863583263222,25.6666231411455,25.89999962,2.60024709627846,12.0458740633792,19.5733610707074,15.5
"Trifolium lucanicum",9,FALSE,1,4,9,0.000451158053054386,20.1137492375033,20.6733856531937,22.8060240996702,23.89999962,11.0924786474654,30.3483915255677,41.259726226652,11.10000038
"Trifolium apertum",10,FALSE,1,5,10,0.000612770316305738,25.1433482982636,26.9032438673673,28.5605224833098,27.70000076,0.140367654570978,4.33583309818521,9.1029958645292,1.100000024
"Chrozophora spc",19,FALSE,3,10,19,0.000368476600437191,28.5321273950248,29.0462004110636,29.9602565728156,28.5,0.100000001,1.08461841043999,3.11480642584547,0.100000001
"Cucumis melo",9,TRUE,3,3,9,0.000193218026231501,28.846177652161,29.2767312199859,30.0782944022211,28.5,0.100000001,0.905594480224869,2.76988429847558,0.100000001
"Chrozophora tinctoria",20,FALSE,3,11,20,0.000386668466541948,28.6856989008118,29.1982721163178,30.0917661002596,28.5,0.100000001,0.904863012039406,2.77106503991711,0.100000001
"Hypericum empetrifolium",13,FALSE,1,4,13,0.00065017089216507,26.1200438210279,26.6789588077457,27.5859564736274,26,0.400000006,1.5489321892108,4.00465584582502,0.400000006
"Trifolium brutium",6,FALSE,2,5,6,6.97947959336262e-05,22.183018920383,22.5858386817694,23.3257678528472,21.5,3.70438624857946,21.6003867843625,63.0689721176195,11.10000038
"Eryngium creticum",8,FALSE,1,5,8,0.000259918322615285,27.991033005987,28.5264024453957,29.4136566472708,27.70000076,0.300000012,1.51352677269115,3.90742156960578,0.300000012
"Paspalum distichum",7,FALSE,3,5,7,0.000107786978501439,27.4275062277972,28.050712237977,29.0630164816833,27.70000076,0,0.970377196638621,2.90219558406042,0
"Cynodon dactylon",17,FALSE,3,10,17,0.000409795216705621,27.240073437902,27.7280387545357,28.5906075768172,27,0.300000012,2.8619584264012,6.42738038356361,0.300000012
"Lycium spc",10,FALSE,3,8,10,0.000158095850816421,25.9361293275787,26.4195797181584,27.2478323592689,25.39999962,0.840771585447621,7.66937452022522,15.6052297377994,0.699999988
"Quercus frainetto",20,FALSE,5,18,20,0.00035157512623062,17.146098461546,17.6586705252469,18.5738325150203,17.5,7.02753653961086,24.4068487400462,37.5164443256186,31.89999962
"Rubus radula",70,FALSE,4,21,70,0.00126326034094205,22.8742357457928,23.625769761897,25.0442938686539,25.10000038,1.87144477661469,11.5013644174919,21.1863212603789,0.100000001
"Ambrosia psilostachya",32,FALSE,2,18,32,0.000542834789131661,24.8532845711962,25.3393645388366,26.2751543551349,25.39999962,9.87475910409627,29.4976765723214,42.3653175750147,24.30000114
"Maclura pomifera",6,FALSE,2,6,6,0.000289591148889042,22.1870253511392,22.5957509736614,23.3514651190603,21.60000038,7.36949847973434,21.7196093349027,30.9825558499499,48.60000229
"Pentanema britannicum",14,FALSE,3,10,14,0.000195316417107334,24.8222668813845,25.5518936331603,26.7306604091093,25.60000038,11.6227866406814,31.3336243613843,42.9870580523624,36.29999924
"Phytolacca americana",14,FALSE,5,10,14,0.000163186070067553,26.5274047497811,27.0083513557831,27.8558276948024,26.20000076,0.571237697067846,6.3696768449725,13.0154164281446,0
"Jacobaea maritima",25,FALSE,5,15,25,0.0012079713490023,28.0196103544114,28.8581493755656,29.9316691022602,28.5,0.100000001,1.19382673900966,3.36288789014099,0.100000001
"Ulex gallii",25,FALSE,3,13,25,0.00192410853569602,20.7110045842993,22.4323268530226,24.0770470441862,23.20000076,2.44883294445217,12.5776348965793,21.3186337260161,2
"Ceanothus spc",9,FALSE,1,4,9,0.000433976993002904,16.4791408835318,16.9217739624575,17.7165008284671,16,3.2657206293809,13.4778285867636,21.1812209657712,44.40000153
"Salix viminalis",13,FALSE,6,11,13,0.000221710807518216,15.9926181551527,18.116417420573,19.4943295394564,18.39999962,10.5,2.7505689085493,6.14534264622078,10.5
"Luma apiculata",7,FALSE,1,2,7,0.000238802159278176,16.4438813074844,16.8129988307649,17.5020967441963,15.30000019,45.9518276931092,63.797388228431,73.5171105444784,101.9000015
"Cistus ladanifer",9,FALSE,3,5,9,0.000427037983838874,18.6235782660102,19.6391312320299,22.4337115809057,22.39999962,7.72761387882631,23.9977958915445,34.119331184702,4.800000191
"Erica cinerea",11,FALSE,3,5,11,0.00042822199156032,23.2160882671071,23.629362724057,24.3928957566192,22.70000076,1.300000072,1.70775384020112,4.2861168050767,1.300000072
"Eucalyptus botryoides",53,FALSE,3,13,53,0.00398087556929516,28.4729683550125,28.9971470496234,29.9154205455687,28.5,0,1.66307920758592,4.2384855166654,0
"Galactites tomentosus",36,FALSE,4,15,36,0.00116563999714841,24.1765183053727,25.1051824286741,26.3467522770837,25.5,0.100000001,3.46018810186543,7.53098982258156,0.100000001
"Rubus incanescens",70,FALSE,2,24,70,0.00137123920545172,25.3360392111441,26.1584535134689,27.4329840328423,26.70000076,0.214052390468782,4.75787046445138,10.0569721231407,1.300000072
"Lythrum hyssopifolia",18,FALSE,3,7,18,0.000666340921124293,25.9556508817538,26.4722870830599,27.4177385890118,26.5,0,1.59360626718492,4.11077287487607,0
"Poa pratensis",8,FALSE,3,8,8,0.000215171048990565,17.7517538021425,18.2617969306943,19.1254662539744,17.39999962,4.68768249428355,18.7192599013588,30.2785254334901,36
"Sulla coronaria",13,FALSE,2,6,13,0.000470066002185913,25.3664186777798,26.1028050482335,28.9170563563541,28.5,0.100000001,1.2579738385443,3.43924374052723,0.100000001
"Anchusa azurea",8,FALSE,3,6,8,0.000160135638627855,24.607107512056,25.635758271449,26.7693931931397,25.39999962,1.04571843583834,8.48212917195414,16.8489374623226,4.5
"Atriplex prostrata",7,FALSE,1,3,7,8.72128120564617e-05,26.3244169464287,26.7562234663954,27.5439614027668,25.70000076,0.862778184069975,7.66651659624408,15.3936841361432,10.60000038
"Thalictrum lucidum",9,FALSE,4,7,9,0.000374631438249265,25.8030152751058,26.8228724528752,27.9631074362445,26.60000038,2.61268570510082,15.0737501049812,27.4033631698926,3.200000048
"Ranunculus repens",6,FALSE,3,5,6,0.000119002289316088,17.5434392513158,18.0705918656019,18.9375790269996,17.20000076,1.10558108879142,7.57372245083905,13.4887704927526,37.90000153
"Artemisia scoparia",6,FALSE,2,4,6,0.000216933020761376,22.3746731314633,22.7546743390327,23.4610148698569,21.30000114,19.0102457178461,36.7401690950614,46.6533566897944,65
"Sonchus tenerrimus",8,FALSE,2,6,8,9.07155750799203e-05,25.4321171563695,27.0425893830889,28.5583518997514,27.5,4.900000095,3.3338490687723,7.23965323495373,4.900000095
"Vitis riparia",8,FALSE,2,7,8,8.92075714051907e-05,25.0439217928933,25.5392032975137,26.3692433147788,24.5,4.900000095,1.75171215036219,4.39721941768113,4.900000095
"Plantago lagopus",15,FALSE,3,8,15,0.000795024247031122,25.0251317476968,25.6384204438343,26.862560341579,26.70000076,0,3.54894775621429,7.56099966555531,0
"Petroselinum crispum",6,FALSE,3,4,6,0.000241270766087279,25.2499569109276,25.6979349887162,26.4818825170588,24.5,4.900000095,1.45494151792756,3.81252540858787,4.900000095
"Ricinus communis",13,FALSE,3,7,13,0.000370539034861651,26.9780461701399,27.5864470786061,28.6600300029047,27.39999962,0,0.907371219996142,2.78235505676214,0
"Verbascum dentifolium",29,FALSE,1,9,29,0.00129500692815642,27.2006859951053,27.7041252008371,28.5890177174844,27.20000076,0.699999988,2.05382801302483,5.0185848431021,0.699999988
"Iva xanthiifolia",6,FALSE,2,5,6,0.000293446144923275,22.5257656865393,22.9036647517937,23.6152007755301,21.80000114,19.7208300208957,36.4073090732742,45.5789518617749,76.09999847
"Ulex minor",12,FALSE,1,4,12,0.00107564729256319,24.0877878595618,24.4921148440209,25.2368763251778,23.39999962,3.700000048,1.04567495726332,3.03825076863533,3.700000048
"Echium lusitanicum",6,FALSE,1,2,6,0.000463121740728029,20.7959400876117,21.3199608731239,22.1759839890048,20.39999962,19.6017022860309,38.5038169042394,49.351163104413,65.80000305
"Adenocarpus complicatus",14,FALSE,2,6,14,0.000995147839903188,25.47093932125,26.1366977289242,27.1035910925336,25.5,1.5,3.18951561212638,7.28695233377824,1.5
"Leontodon tingitanus",8,FALSE,2,5,8,0.000143985374982896,24.2091011761526,24.8255133459064,25.7593466597668,24.20000076,0.518726489920587,6.28578364548391,13.2326906959409,0.600000024
"Eucalyptus viminalis",8,FALSE,2,3,8,0.000104739241329748,24.8510975113694,25.3957215575968,26.2709475725411,24.5,0.621261106533479,6.20285057425927,12.0249415925388,22.70000076
"Erica umbellata",8,FALSE,1,2,8,0.000633799677342088,22.6048532516787,23.0405689902093,23.8227899777012,21.89999962,0.290121883760403,5.23426848884474,11.3213629183721,6.700000286
"Schinus molle",17,FALSE,2,7,17,0.000659329539548645,26.6095685686954,27.647753749672,28.8172149489372,27.5,0.300000012,3.017141398693,6.58766630973203,0.300000012
"Cistus crispus",13,FALSE,2,4,13,0.000725341753956485,25.803303104801,26.361264221994,27.2463790594053,25.5,1.5,3.60968931652705,7.8069735686266,1.5
"Thapsia villosa",6,FALSE,2,5,6,0.000176174747245565,18.5709090592826,19.1028195465752,20.0350437501015,18.89999962,3.18005864372942,13.4726214507754,21.3931313861561,36.29999924
"Torilis arvensis",11,FALSE,1,6,11,0.000467807131622096,25.1310784670987,25.5950239337636,26.402468547413,24.5,0.72225774568619,6.40738052049481,12.0123005931004,15.10000038
"Carlina spc",6,FALSE,1,3,6,5.3861650659888e-05,28.6425909096496,29.0583521721312,29.8082897819234,27.80000114,0,0.616205231877524,2.21556211884779,0
"Ornithogalum pyrenaicum",9,FALSE,3,8,9,0.000105692962301832,21.9032203757984,22.835891963786,24.1874479752903,23.20000076,11.8184540512262,31.0315466566016,42.8376819501903,36.29999924
"Salvia verticillata",8,FALSE,1,2,8,0.000156470098625338,22.0958581475793,22.6548872697462,23.5440454945283,21.80000114,31.8569111386757,52.0656263059151,62.6004622851107,57.29999924
"Polycnemum majus",7,FALSE,2,6,7,0.00010678314786219,27.4384378640344,27.8632226144836,28.6226426416317,26.60000038,2,1.25946592923827,3.4641080474148,2
"Tamarix chinensis",17,FALSE,1,9,17,0.00117712532946612,25.8000294834939,26.322068355193,27.184358586803,25.39999962,0.162344803638681,4.47514444793533,9.4282351919624,0.699999988
"Zygophyllum fabago",9,FALSE,1,2,9,0.000645284042331532,26.4126339946533,27.3652656733016,28.6523621049677,27.5,4.5,2.67151282654416,6.04836005973522,4.5
"Carthamus tinctorius",6,FALSE,1,3,6,0.000213134320961381,27.5333930044321,27.9359565552666,28.6739304710792,26.60000038,1,0.947628793416399,2.86039490436872,1
"Quercus canariensis",8,FALSE,1,4,8,9.18921436903323e-05,23.4901184491687,24.364523853897,25.4438573891619,24,2.68060835172689,16.1666435439982,30.0404234399117,3.400000095
"Crepis erythia",6,FALSE,1,5,6,5.78820088208161e-05,19.6768226991753,22.130628740043,23.6629520547266,22.60000038,1.67330288121658,9.41597871509982,16.1088181590914,25.30000114
"Caroxylon spc",6,FALSE,1,2,6,0.000238121545518959,28.2047685234332,28.626179622939,29.3942656085177,27.5,6.700000286,2.04697948000213,4.89821907954241,6.700000286
